dataset,domain,llm_label,human_label,llm_human_agree,status,num_source_candidates,human_idx,source_idxs,sentence,prd_word,prd_idx,label,span_mean,source_spans_inclusive,human_selected_spans,span_matched,grammar_status,optional,type,human_file,source_file
bn_gold_llmj_invalid,bn,0,1,0,matched,1,1,[2644],"3 miles of the cave have been surveyed , every inch logged by hand , then fed into a computer which plots every nook and cranny .",plots,22,ARG1,"plotted action, plan","[(22, 25)]","[(22, 25)]",True,没有语法错误,False,"gold_right, o1mini_wrong，deepseek_wrong",annotations_single_gold_wlj_final.json,incorrect_data_bn_gold.json
bn_gold_llmj_invalid,bn,0,0,1,matched,1,2,[1229],A Palestinian terrorist leader wanted for a deadly 1985 cruise ship hijacking is in U.S. custody in Iraq .,wanted,5,ARG2,beneficiary,"[(5, 11)]",[],False,没有语法错误,False,"gold_right, o1mini_wrong，deepseek_wrong",annotations_single_gold_wlj_final.json,incorrect_data_bn_gold.json
bn_gold_llmj_invalid,bn,0,0,1,matched,1,3,[2199],"Along with the picture , the flight attendant wrote a letter saying she was praying for Jack 's safe return .",saying,12,ARG0,Sayer,"[(9, 10)]","[(5, 7)]",False,没有语法错误,False,"gold_right, o1mini_wrong，deepseek_wrong",annotations_single_gold_wlj_final.json,incorrect_data_bn_gold.json
bn_gold_llmj_invalid,bn,0,0,1,matched,1,4,[2205],"Along with the picture , the flight attendant wrote a letter saying she was praying for Jack 's safe return .",return,20,ARG1,thing given,"[(16, 17)]","[(16, 16)]",False,没有语法错误,False,"gold_right, o1mini_wrong，deepseek_wrong",annotations_single_gold_wlj_final.json,incorrect_data_bn_gold.json
bn_gold_llmj_invalid,bn,0,1,0,matched,1,5,[2305],And I think perhaps no one more surprised than some of the people running those firms on Wall Street .,running,14,ARG1,"machine, operation, procedure","[(14, 18)]","[(14, 15), (14, 18)]",True,没有语法错误,False,"gold_right, o1mini_wrong，deepseek_wrong",annotations_single_gold_wlj_final.json,incorrect_data_bn_gold.json
bn_gold_llmj_invalid,bn,0,1,0,matched,1,6,[3969],"And one of the longest running struggles for international justice reached a milestone today of sorts , when a Scottish court , meeting in the Netherlands , finally officially found someone guilty in the 1988 bombing that brought down Pan Am Flight 103 .",running,6,ARG1,"machine, operation, procedure","[(6, 6)]","[(6, 6), (6, 9)]",True,没有语法错误,False,"gold_right, o1mini_wrong，deepseek_wrong",annotations_single_gold_wlj_final.json,incorrect_data_bn_gold.json
bn_gold_llmj_invalid,bn,0,0,1,matched,1,7,[1058],Aristide was elected President for the first time ten years ago and served just months before a military coup sent him into exile in the United States .,served,13,ARG1,"job, project, service performed","[(13, 14)]","[(3, 3)]",False,没有语法错误,False,"gold_right, o1mini_wrong，deepseek_wrong",annotations_single_gold_wlj_final.json,incorrect_data_bn_gold.json
bn_gold_llmj_invalid,bn,0,0,1,matched,1,8,[2031],"As much as I 'd love to spend every day after school sucking up to teachers instead of hanging with my friends , I do n't want this job .",hanging,19,ARG2,location,"[(19, 21)]",[],False,没有语法错误,False,"gold_right, o1mini_wrong，deepseek_wrong",annotations_single_gold_wlj_final.json,incorrect_data_bn_gold.json
bn_gold_llmj_invalid,bn,0,0,1,matched,1,9,[3055],"As you point out , of course , for the fact of the matter is , the mistakes of Saddam Hussein made possible his removal from power ultimately .",made,22,ARG1,impelled action/ predication,"[(22, 26)]","[(22, 27)]",False,没有语法错误,False,"gold_right, o1mini_wrong，deepseek_wrong",annotations_single_gold_wlj_final.json,incorrect_data_bn_gold.json
bn_gold_llmj_invalid,bn,0,1,0,matched,1,10,[3059],"As you point out , of course , for the fact of the matter is , the mistakes of Saddam Hussein made possible his removal from power ultimately .",removal,25,ARG2,,"[(25, 26)]","[(25, 26)]",True,没有语法错误,False,"gold_right, o1mini_wrong，deepseek_wrong",annotations_single_gold_wlj_final.json,incorrect_data_bn_gold.json
bn_gold_llmj_invalid,bn,0,1,0,matched,1,11,[2059],"California 's utility companies are not able to generate all the power their customers need , so they have turned to outside suppliers and in the face of rising prices the state 's two largest utility firms have sunk more than eight billion dollars in debt .",sunk,39,ARG1,thing sinking,"[(30, 36)]","[(30, 36)]",True,没有语法错误,False,"gold_right, o1mini_wrong，deepseek_wrong",annotations_single_gold_wlj_final.json,incorrect_data_bn_gold.json
bn_gold_llmj_invalid,bn,0,0,1,matched,1,12,[1581],Correspondent Ned Colt has our report .,report,6,ARG0,Reporter,"[(4, 4)]","[(0, 2), (1, 2)]",False,没有语法错误,False,"gold_right, o1mini_wrong，deepseek_wrong",annotations_single_gold_wlj_final.json,incorrect_data_bn_gold.json
bn_gold_llmj_invalid,bn,0,0,1,matched,1,13,[39],Front man Amidu Barry may look like he got his moves on the streets of Brooklyn but his critique of post-colonial finger pointing in Africa tells a different story .,moves,11,ARG0,mover,"[(9, 9)]","[(2, 3), (7, 7)]",False,没有语法错误,False,"gold_right, o1mini_wrong，deepseek_wrong",annotations_single_gold_wlj_final.json,incorrect_data_bn_gold.json
bn_gold_llmj_invalid,bn,0,0,1,matched,1,14,[38],Front man Amidu Barry may look like he got his moves on the streets of Brooklyn but his critique of post-colonial finger pointing in Africa tells a different story .,got,9,ARG2,giver,"[(11, 15)]",[],False,没有语法错误,False,"gold_right, o1mini_wrong，deepseek_wrong",annotations_single_gold_wlj_final.json,incorrect_data_bn_gold.json
bn_gold_llmj_invalid,bn,0,0,1,matched,1,15,[2429],He 's suggested Milosevic and others stand trial in a Yugoslav court .,stand,7,ARG2,attribute,"[(7, 7)]",[],False,没有语法错误,False,"gold_right, o1mini_wrong，deepseek_wrong",annotations_single_gold_wlj_final.json,incorrect_data_bn_gold.json
bn_gold_llmj_invalid,bn,0,0,1,matched,1,16,[1641],He asked us to call you to let you know he 's okay .,call,5,ARG1,utterance,"[(5, 5)]","[(6, 12), (7, 12)]",False,没有语法错误,False,"gold_right, o1mini_wrong，deepseek_wrong",annotations_single_gold_wlj_final.json,incorrect_data_bn_gold.json
bn_gold_llmj_invalid,bn,0,0,1,matched,1,17,[4472],"He had survived , if you will , a death sentence , and now in that new freedom of the life in front of him , he takes to the road in the tradition of old Chinese poets and records what he sees , what he hears , the stories that he is told .",takes,28,ARG2,"taken FROM, SOURCE of thing taken","[(28, 30)]",[],False,没有语法错误,False,"gold_right, o1mini_wrong，deepseek_wrong",annotations_single_gold_wlj_final.json,incorrect_data_bn_gold.json
bn_gold_llmj_invalid,bn,0,1,0,matched,1,18,[969],"He is not as easy to make fun of yet Yubitritch says , unlike Milosevic , but that does n't mean he will escape the scrutiny and sharp wits of Index Theater .",mean,21,ARG0,agent,"[(17, 17)]","[(0, 14), (17, 17)]",True,没有语法错误,False,"gold_right, o1mini_wrong，deepseek_wrong",annotations_single_gold_wlj_final.json,incorrect_data_bn_gold.json
bn_gold_llmj_invalid,bn,0,1,0,matched,1,19,[963],"He is not as easy to make fun of yet Yubitritch says , unlike Milosevic , but that does n't mean he will escape the scrutiny and sharp wits of Index Theater .",make,7,ARG1,creation,"[(7, 7)]","[(7, 7)]",True,没有语法错误,False,"gold_right, o1mini_wrong，deepseek_wrong",annotations_single_gold_wlj_final.json,incorrect_data_bn_gold.json
bn_gold_llmj_invalid,bn,0,0,1,matched,1,20,[964],"He is not as easy to make fun of yet Yubitritch says , unlike Milosevic , but that does n't mean he will escape the scrutiny and sharp wits of Index Theater .",make,7,ARG2,"created-from, thing changed","[(8, 8)]","[(0, 0), (10, 10)]",False,没有语法错误,False,"gold_right, o1mini_wrong，deepseek_wrong",annotations_single_gold_wlj_final.json,incorrect_data_bn_gold.json
bn_gold_llmj_invalid,bn,0,0,1,matched,1,21,[4387],"He sat out 1 term after losing a U.S Senate race in the 1960s , but for 24 terms , Yates represented Chicago 's northern lake front and northern suburbs .",sat,2,ARG1,,"[(0, 0)]","[(3, 4)]",False,没有语法错误,False,"gold_right, o1mini_wrong，deepseek_wrong",annotations_single_gold_wlj_final.json,incorrect_data_bn_gold.json
bn_gold_llmj_invalid,bn,0,0,1,matched,1,22,[4389],"He sat out 1 term after losing a U.S Senate race in the 1960s , but for 24 terms , Yates represented Chicago 's northern lake front and northern suburbs .",sat,2,ARG2,,"[(3, 4)]",[],False,没有语法错误,False,"gold_right, o1mini_wrong，deepseek_wrong",annotations_single_gold_wlj_final.json,incorrect_data_bn_gold.json
bn_gold_llmj_invalid,bn,0,0,1,matched,1,23,[3272],"He told lawmakers it would not trigger a U.S. retreat from the Persian Gulf , even though troops remain at risk to terrorism .",retreat,10,ARG1,"retreater, entity actually moving back","[(10, 13)]","[(8, 8)]",False,没有语法错误,False,"gold_right, o1mini_wrong，deepseek_wrong",annotations_single_gold_wlj_final.json,incorrect_data_bn_gold.json
bn_gold_llmj_invalid,bn,0,1,0,matched,1,24,[4281],He used his rising popularity amongst the Serb people to oust former mentor Ivan Stambolic and take over as President of the Serbian republic .,take,17,ARG1,,"[(18, 23)]","[(18, 23), (19, 23)]",True,没有语法错误,False,"gold_right, o1mini_wrong，deepseek_wrong",annotations_single_gold_wlj_final.json,incorrect_data_bn_gold.json
bn_gold_llmj_invalid,bn,0,1,0,matched,1,25,[1118],How could comedy come out of chemotherapy treatments ?,come,4,ARG2,,"[(4, 7)]","[(4, 7), (5, 7), (6, 7)]",True,没有语法错误,False,"gold_right, o1mini_wrong，deepseek_wrong",annotations_single_gold_wlj_final.json,incorrect_data_bn_gold.json
bn_gold_llmj_invalid,bn,0,0,1,matched,1,26,[1257],"I 'm just as delighted now , nine years later , to be able to welcome you here and to learn about the great changes which have occurred in your country since I was there .",learn,21,ARG1,subject,"[(21, 34)]","[(21, 24), (21, 30)]",False,没有语法错误,False,"gold_right, o1mini_wrong，deepseek_wrong",annotations_single_gold_wlj_final.json,incorrect_data_bn_gold.json
bn_gold_llmj_invalid,bn,0,1,0,matched,1,27,[1589],"I hate these people that go , we 've been married for 56 years and never had a bad word .",go,6,ARG0,Sayer,"[(2, 3)]","[(2, 3)]",True,没有语法错误,False,"gold_right, o1mini_wrong，deepseek_wrong",annotations_single_gold_wlj_final.json,incorrect_data_bn_gold.json
bn_gold_llmj_invalid,bn,0,0,1,matched,1,28,[378],"I think there are a number of other measures that indicate how well somebody 's doing running a company , and I think corporation boards need to spend more time on that dimension .",indicate,11,ARG0,indicator,"[(6, 8)]","[(4, 8), (7, 8)]",False,没有语法错误,False,"gold_right, o1mini_wrong，deepseek_wrong",annotations_single_gold_wlj_final.json,incorrect_data_bn_gold.json
bn_gold_llmj_invalid,bn,0,1,0,matched,1,29,[398],"I think there are a number of other measures that indicate how well somebody 's doing running a company , and I think corporation boards need to spend more time on that dimension .",spend,28,ARG2,activity,"[(30, 32)]","[(30, 32)]",True,没有语法错误,False,"gold_right, o1mini_wrong，deepseek_wrong",annotations_single_gold_wlj_final.json,incorrect_data_bn_gold.json
bn_gold_llmj_invalid,bn,0,1,0,matched,1,30,[1695],"I want everybody who tried to vote who legally voted to have their vote count , including service people .",have,12,ARG0,causer,"[(2, 9)]","[(2, 2), (2, 9)]",True,没有语法错误,False,"gold_right, o1mini_wrong，deepseek_wrong",annotations_single_gold_wlj_final.json,incorrect_data_bn_gold.json
bn_gold_llmj_invalid,bn,0,1,0,matched,1,31,[1697],"I want everybody who tried to vote who legally voted to have their vote count , including service people .",have,12,ARG1,action,"[(12, 14)]","[(12, 14)]",True,没有语法错误,False,"gold_right, o1mini_wrong，deepseek_wrong",annotations_single_gold_wlj_final.json,incorrect_data_bn_gold.json
bn_gold_llmj_invalid,bn,0,1,0,matched,1,32,[2526],"I was n't in a position that my dear friend was in when he was killed outside Bagdad airport but I had long thought and I was in Iraq in the previous war that really all the talk that had been about the rush to war , the push for war , the drive for war , all that propaganda , was essentially nonsensical because in 1990 , Saddam Hussein made the only self criticism .",talk,38,ARG1,subject,"[(41, 55)]","[(41, 55)]",True,没有语法错误,False,"gold_right, o1mini_wrong，deepseek_wrong",annotations_single_gold_wlj_final.json,incorrect_data_bn_gold.json
bn_gold_llmj_invalid,bn,0,0,1,matched,1,33,[3532],"ISRAELI radio said four Palestinians were killed , but Palestinian security officials deny there were any casualties and they say no such incident took place .",took,24,ARG2,,"[(24, 24)]",[],False,没有语法错误,False,"gold_right, o1mini_wrong，deepseek_wrong",annotations_single_gold_wlj_final.json,incorrect_data_bn_gold.json
bn_gold_llmj_invalid,bn,0,1,0,matched,1,34,[2218],"In another interview Palestinian leader Yasser Arafat said the Israelis and Palestinians had made real progress Red Sea resort of Taba , but Prime Minister Ehud Barak has suspended contacts with the Palestinians until after the February 6th election .",progress,16,ARG1,thing moving,"[(8, 11)]","[(8, 11)]",True,没有语法错误,False,"gold_right, o1mini_wrong，deepseek_wrong",annotations_single_gold_wlj_final.json,incorrect_data_bn_gold.json
bn_gold_llmj_invalid,bn,0,0,1,matched,1,35,[932],Interestingly enough she is quoted as telling General Sanholi back to the US that she did not really get too much of a reception from Bashar Al - Assad in terms of lightening the traditionally antagonistic Syrian align towards Israel .,quoted,5,ARG1,the quote itself,"[(2, 2)]","[(13, 39), (14, 39)]",False,没有语法错误,False,"gold_right, o1mini_wrong，deepseek_wrong",annotations_single_gold_wlj_final.json,incorrect_data_bn_gold.json
bn_gold_llmj_invalid,bn,0,0,1,matched,1,36,[934],Interestingly enough she is quoted as telling General Sanholi back to the US that she did not really get too much of a reception from Bashar Al - Assad in terms of lightening the traditionally antagonistic Syrian align towards Israel .,quoted,5,ARG2,original speaker,"[(5, 39)]","[(2, 2)]",False,没有语法错误,False,"gold_right, o1mini_wrong，deepseek_wrong",annotations_single_gold_wlj_final.json,incorrect_data_bn_gold.json
bn_gold_llmj_invalid,bn,0,1,0,matched,1,37,[4170],It also got past the puppies ' protective father .,got,3,ARG2,destination,"[(3, 8)]","[(3, 8)]",True,没有语法错误,False,"gold_right, o1mini_wrong，deepseek_wrong",annotations_single_gold_wlj_final.json,incorrect_data_bn_gold.json
bn_gold_llmj_invalid,bn,0,1,0,matched,1,38,[1789],It how quickly they get handed .,get,5,ARG1,thing,"[(3, 3)]","[(3, 3)]",True,没有语法错误,False,"gold_right, o1mini_wrong，deepseek_wrong",annotations_single_gold_wlj_final.json,incorrect_data_bn_gold.json
bn_gold_llmj_invalid,bn,0,0,1,matched,1,39,[433],"James Drummond , covering the Arab summit in Cairo for the Financial Times .",covering,4,ARG0,"news organization, media","[(0, 1)]","[(10, 12)]",False,没有语法错误,False,"gold_right, o1mini_wrong，deepseek_wrong",annotations_single_gold_wlj_final.json,incorrect_data_bn_gold.json
bn_gold_llmj_invalid,bn,0,0,1,matched,1,40,[3774],"Kids are spending $ 50 to $ 70 , you know , a pop on these games .",spending,3,ARG3,"price paid, money","[(3, 13)]","[(3, 7)]",False,没有语法错误,False,"gold_right, o1mini_wrong，deepseek_wrong",annotations_single_gold_wlj_final.json,incorrect_data_bn_gold.json
bn_gold_llmj_invalid,bn,0,0,1,matched,1,41,[820],Let me take a the .,Let,1,ARG1,action allowed,"[(1, 4)]",[],False,有语法错误,False,"gold_right, o1mini_wrong，deepseek_wrong",annotations_single_gold_wlj_final.json,incorrect_data_bn_gold.json
bn_gold_llmj_invalid,bn,0,1,0,matched,1,42,[823],Let me take a the .,take,3,ARG1,thing taken,"[(3, 4)]","[(3, 4)]",True,有语法错误,False,"gold_right, o1mini_wrong，deepseek_wrong",annotations_single_gold_wlj_final.json,incorrect_data_bn_gold.json
bn_gold_llmj_invalid,bn,0,1,0,matched,1,43,[581],Milosevic headed Yugoslavia 's state - run gas company and was President of a major Belgrade bank climbing the political ladder as a Communist technocrat .,run,7,ARG1,"machine, operation, procedure","[(7, 8)]","[(7, 8)]",True,没有语法错误,False,"gold_right, o1mini_wrong，deepseek_wrong",annotations_single_gold_wlj_final.json,incorrect_data_bn_gold.json
bn_gold_llmj_invalid,bn,0,1,0,matched,1,44,[463],"Moving ahead now to a developing story , the hunt for so - called smoking gun , meant to prove that Iraq was developing weapons of mass destruction .",smoking,15,ARG1,substance smoking,"[(15, 15)]","[(15, 15)]",True,没有语法错误,False,"gold_right, o1mini_wrong，deepseek_wrong",annotations_single_gold_wlj_final.json,incorrect_data_bn_gold.json
bn_gold_llmj_invalid,bn,0,1,0,matched,1,45,[465],"Moving ahead now to a developing story , the hunt for so - called smoking gun , meant to prove that Iraq was developing weapons of mass destruction .",meant,18,ARG0,agent,"[(8, 15)]","[(8, 15)]",True,没有语法错误,False,"gold_right, o1mini_wrong，deepseek_wrong",annotations_single_gold_wlj_final.json,incorrect_data_bn_gold.json
bn_gold_llmj_invalid,bn,0,1,0,matched,1,46,[4120],Mr. Arafat made no comment after Tuesday 's first round of White House talks moving quickly past journalists to a waiting limousine .,talks,14,ARG0,talker,"[(11, 12)]","[(0, 1), (11, 12)]",True,没有语法错误,False,"gold_right, o1mini_wrong，deepseek_wrong",annotations_single_gold_wlj_final.json,incorrect_data_bn_gold.json
bn_gold_llmj_invalid,bn,0,1,0,matched,1,47,[4173],Much more coverage of the new Iraq and --,coverage,3,ARG1,,"[(3, 7)]","[(3, 7)]",True,有语法错误,False,"gold_right, o1mini_wrong，deepseek_wrong",annotations_single_gold_wlj_final.json,incorrect_data_bn_gold.json
bn_gold_llmj_invalid,bn,0,0,1,matched,1,48,[159],"Palestinian sources say he had tried to flee into Syria , but was turned away at the border .",flee,8,ARG1,,"[(8, 9)]",[],False,没有语法错误,False,"gold_right, o1mini_wrong，deepseek_wrong",annotations_single_gold_wlj_final.json,incorrect_data_bn_gold.json
bn_gold_llmj_invalid,bn,0,1,0,matched,1,49,[1888],Palestinians now talking about a battle for independence .,talking,3,ARG1,subject,"[(3, 7)]","[(3, 7), (4, 7)]",True,没有语法错误,False,"gold_right, o1mini_wrong，deepseek_wrong",annotations_single_gold_wlj_final.json,incorrect_data_bn_gold.json
bn_gold_llmj_invalid,bn,0,1,0,matched,1,50,[1890],Palestinians now talking about a battle for independence .,battle,6,ARG2,spoils,"[(6, 7)]","[(6, 7), (7, 7)]",True,没有语法错误,False,"gold_right, o1mini_wrong，deepseek_wrong",annotations_single_gold_wlj_final.json,incorrect_data_bn_gold.json
bn_gold_llmj_invalid,bn,0,0,1,matched,1,51,[370],"Positive Black Soul are now the oldsters of Dakar 's hip - hop scene and they have established the template of social consciousness that many Senegalese hip - hop groups follow like Bootin Bye , which recently scored this hit about AIDS prevention .",scored,38,ARG0,"grader, judge, entity awarding the points","[(32, 33)]",[],False,没有语法错误,False,"gold_right, o1mini_wrong，deepseek_wrong",annotations_single_gold_wlj_final.json,incorrect_data_bn_gold.json
bn_gold_llmj_invalid,bn,0,0,1,matched,1,52,[3160],Quite an emotional experience and one of us can only imagine what it must have been like to endure .,experience,4,ARG1,experienced,"[(2, 2)]",[],False,没有语法错误,False,"gold_right, o1mini_wrong，deepseek_wrong",annotations_single_gold_wlj_final.json,incorrect_data_bn_gold.json
bn_gold_llmj_invalid,bn,0,0,1,matched,1,53,[3622],"Reporter Lee , flying in from California , unsure if his wife was alive , today , identifying his remains , and tonight survivor John Diaz begins the long trip home to California .",trip,30,ARG1,thing tripped (circuit breaker),"[(30, 32)]","[(23, 25), (24, 25)]",False,没有语法错误,False,"gold_right, o1mini_wrong，deepseek_wrong",annotations_single_gold_wlj_final.json,incorrect_data_bn_gold.json
bn_gold_llmj_invalid,bn,0,0,1,matched,1,54,[511],"Russia has very little influence with Pakistan , but of course Russia supplies India with 70 % of its military hardware and that was of course the second pillar here of Mr. Putin 's visit , which was to finalize some very substantial arms deals .",has,2,ARG1,action,"[(2, 6)]",[],False,没有语法错误,False,"gold_right, o1mini_wrong，deepseek_wrong",annotations_single_gold_wlj_final.json,incorrect_data_bn_gold.json
bn_gold_llmj_invalid,bn,0,0,1,matched,1,55,[1333],"Russian President was supposed to visit India as early as 97 - 1998 , but of course Boris Yeltsin 's health problems got in the way of that , and then of course , Mr. Yeltsin 's abrupt resignation last year another visit and then the subsequent election campaign and inauguration of Vladimir Putin took some time , so it 's been put off for a couple of years .",put,63,ARG2,,"[(64, 68)]",[],False,没有语法错误,False,"gold_right, o1mini_wrong，deepseek_wrong",annotations_single_gold_wlj_final.json,incorrect_data_bn_gold.json
bn_gold_llmj_invalid,bn,0,1,0,matched,1,56,[3551],Saddam Hussein addressed the nation in a speech filled with rhetoric and a declaration of victory .,addressed,3,ARG1,"item being addressed (letter, speech, etc)","[(5, 15)]","[(5, 15)]",True,没有语法错误,False,"gold_right, o1mini_wrong，deepseek_wrong",annotations_single_gold_wlj_final.json,incorrect_data_bn_gold.json
bn_gold_llmj_invalid,bn,0,0,1,matched,1,57,[3363],She and her daughter Jordan often shuffle through these pictures of him taken before he left .,shuffle,7,ARG1,entity in motion,"[(7, 15)]","[(8, 9), (8, 15)]",False,没有语法错误,False,"gold_right, o1mini_wrong，deepseek_wrong",annotations_single_gold_wlj_final.json,incorrect_data_bn_gold.json
bn_gold_llmj_invalid,bn,0,0,1,matched,1,58,[3496],"She has no idea where her husband is now , but thanks to a little help from a Delta flight attendant , she knew he got where he was going .",going,30,ARG1,journey,"[(27, 27)]",[],False,没有语法错误,False,"gold_right, o1mini_wrong，deepseek_wrong",annotations_single_gold_wlj_final.json,incorrect_data_bn_gold.json
bn_gold_llmj_invalid,bn,0,1,0,matched,1,59,[3314],"She is charged with using insider information to bail out of a biotech stock the day before its price tanked , and then trying to cover it up .",bail,9,ARG1,,"[(10, 13)]","[(10, 13), (11, 13)]",True,没有语法错误,False,"gold_right, o1mini_wrong，deepseek_wrong",annotations_single_gold_wlj_final.json,incorrect_data_bn_gold.json
bn_gold_llmj_invalid,bn,0,1,0,matched,1,60,[4295],She simply flew over .,flew,3,ARG1,"passenger, cargo","[(0, 0)]","[(0, 0)]",True,没有语法错误,False,"gold_right, o1mini_wrong，deepseek_wrong",annotations_single_gold_wlj_final.json,incorrect_data_bn_gold.json
bn_gold_llmj_invalid,bn,0,0,1,matched,1,61,[3081],"So before they say it is a white man tangle you know it 's because of a white man that this happens and they got to , you know , check around and they say who is the real guilty .",got,25,ARG1,Complement,"[(25, 31)]","[(30, 31)]",False,没有语法错误,False,"gold_right, o1mini_wrong，deepseek_wrong",annotations_single_gold_wlj_final.json,incorrect_data_bn_gold.json
bn_gold_llmj_invalid,bn,0,0,1,matched,1,62,[3511],"Sony 's long - awaited release of its latest video game console is guaranteed to pump up the volume on video game sales , already a $ 7 billion business .",sales,23,ARG1,,"[(21, 21)]","[(20, 21)]",False,没有语法错误,False,"gold_right, o1mini_wrong，deepseek_wrong",annotations_single_gold_wlj_final.json,incorrect_data_bn_gold.json
bn_gold_llmj_invalid,bn,0,1,0,matched,1,63,[3825],"Soon after , one of the family 's three chickens flew the coop and took up residence in the crate built especially for the puppies .",residence,17,ARG1,,"[(17, 24)]","[(17, 24)]",True,没有语法错误,False,"gold_right, o1mini_wrong，deepseek_wrong",annotations_single_gold_wlj_final.json,incorrect_data_bn_gold.json
bn_gold_llmj_invalid,bn,0,1,0,matched,1,64,[547],Sources close to the investigation tell NBC News that Singapore Airlines flight 6 tried to take off on a runway closed for repairs .,take,16,ARG1,,"[(9, 12)]","[(9, 12)]",True,没有语法错误,False,"gold_right, o1mini_wrong，deepseek_wrong",annotations_single_gold_wlj_final.json,incorrect_data_bn_gold.json
bn_gold_llmj_invalid,bn,0,1,0,matched,1,65,[549],Sources close to the investigation tell NBC News that Singapore Airlines flight 6 tried to take off on a runway closed for repairs .,take,16,ARG2,,"[(17, 22)]","[(17, 22)]",True,没有语法错误,False,"gold_right, o1mini_wrong，deepseek_wrong",annotations_single_gold_wlj_final.json,incorrect_data_bn_gold.json
bn_gold_llmj_invalid,bn,0,1,0,matched,1,66,[1274],"Sovereignty is not simply a quality of statehood , but it has to do with the power of the people and democratic structures which make sovereignty an important human value .",do,14,ARG0,,"[(10, 10)]","[(0, 0), (10, 10)]",True,没有语法错误,False,"gold_right, o1mini_wrong，deepseek_wrong",annotations_single_gold_wlj_final.json,incorrect_data_bn_gold.json
bn_gold_llmj_invalid,bn,0,0,1,matched,1,67,[1276],"Sovereignty is not simply a quality of statehood , but it has to do with the power of the people and democratic structures which make sovereignty an important human value .",do,14,ARG1,,"[(14, 29)]","[(15, 22), (15, 29)]",False,没有语法错误,False,"gold_right, o1mini_wrong，deepseek_wrong",annotations_single_gold_wlj_final.json,incorrect_data_bn_gold.json
bn_gold_llmj_invalid,bn,0,0,1,matched,1,68,[10],"Speaking of chicks -- call it puppy love , call it maternal instinct , but , mostly it 's just out of the ordinary .",Speaking,1,ARG1,subject,"[(1, 2)]","[(2, 2)]",False,没有语法错误,False,"gold_right, o1mini_wrong，deepseek_wrong",annotations_single_gold_wlj_final.json,incorrect_data_bn_gold.json
bn_gold_llmj_invalid,bn,0,0,1,matched,1,69,[2298],"The Bush team , responding quickly saying there would not be such support and that in that scenario Gore could only be seen as a sore loser .",seen,23,ARG1,thing viewed,"[(23, 26)]","[(18, 18)]",False,没有语法错误,False,"gold_right, o1mini_wrong，deepseek_wrong",annotations_single_gold_wlj_final.json,incorrect_data_bn_gold.json
bn_gold_llmj_invalid,bn,0,0,1,matched,1,70,[2491],"The blast , which occurred just after noon local time in Yemen , ripped a 20 x 40 foot gash in the USS Cole , a state - of - the - art destroyer that had stopped in Aden to refuel before joining the carrier George Washington in the Persian Gulf .",stopped,37,ARG1,Theme (action or object being stopped),"[(34, 34)]","[(21, 23), (25, 33)]",False,没有语法错误,False,"gold_right, o1mini_wrong，deepseek_wrong",annotations_single_gold_wlj_final.json,incorrect_data_bn_gold.json
bn_gold_llmj_invalid,bn,0,0,1,matched,1,71,[3197],"The book is filled with marvelous descriptions of the gorges through which he walks , the mountains that he climbs , indeed the book is called Soul Mountain , the mountain on which he hopes in some way or another to get in touch with his soul , his individual soul , as opposed to that mass kind of soul being enforced upon him by the Communist Chinese authorities , the social realism that the cadres would have him write in .",get,42,ARG1,thing,"[(33, 33)]","[(45, 46), (45, 50)]",False,没有语法错误,False,"gold_right, o1mini_wrong，deepseek_wrong",annotations_single_gold_wlj_final.json,incorrect_data_bn_gold.json
bn_gold_llmj_invalid,bn,0,1,0,matched,1,72,[569],The congressman was known as a fervent liberal and supporter of the arts and he was noted for his success in getting congress to finance for national endowment for the art .,finance,25,ARG1,thing financed,"[(25, 30)]","[(25, 30), (26, 30)]",True,没有语法错误,False,"gold_right, o1mini_wrong，deepseek_wrong",annotations_single_gold_wlj_final.json,incorrect_data_bn_gold.json
bn_gold_llmj_invalid,bn,0,0,1,matched,1,73,[3594],The government also filed civil charges against her .,charges,6,ARG1,"battery, usually","[(4, 4)]","[(7, 7)]",False,没有语法错误,False,"gold_right, o1mini_wrong，deepseek_wrong",annotations_single_gold_wlj_final.json,incorrect_data_bn_gold.json
bn_gold_llmj_invalid,bn,0,0,1,matched,1,74,[3596],The government also filed civil charges against her .,charges,6,ARG2,instrument (defaults to electricity),"[(6, 7)]",[],False,没有语法错误,False,"gold_right, o1mini_wrong，deepseek_wrong",annotations_single_gold_wlj_final.json,incorrect_data_bn_gold.json
bn_gold_llmj_invalid,bn,0,0,1,matched,1,75,[67],"The knowledge that our lights are the first to light it up , our footprints were the first , our eyes were first to see it .",light,10,ARG0,,"[(6, 7)]","[(3, 4)]",False,没有语法错误,False,"gold_right, o1mini_wrong，deepseek_wrong",annotations_single_gold_wlj_final.json,incorrect_data_bn_gold.json
bn_gold_llmj_invalid,bn,0,0,1,matched,1,76,[70],"The knowledge that our lights are the first to light it up , our footprints were the first , our eyes were first to see it .",see,25,ARG0,viewer,"[(22, 22)]","[(19, 20)]",False,没有语法错误,False,"gold_right, o1mini_wrong，deepseek_wrong",annotations_single_gold_wlj_final.json,incorrect_data_bn_gold.json
bn_gold_llmj_invalid,bn,0,0,1,matched,1,77,[1295],"The little town I was in this southern Iraq , as far as I got , I ca n't boast of further , is where the talks took place .",boast,20,ARG1,thing proud of,"[(20, 21)]",[],False,没有语法错误,False,"gold_right, o1mini_wrong，deepseek_wrong",annotations_single_gold_wlj_final.json,incorrect_data_bn_gold.json
bn_gold_llmj_invalid,bn,0,0,1,matched,1,78,[1300],"The little town I was in this southern Iraq , as far as I got , I ca n't boast of further , is where the talks took place .",took,28,ARG2,,"[(28, 28)]",[],False,没有语法错误,False,"gold_right, o1mini_wrong，deepseek_wrong",annotations_single_gold_wlj_final.json,incorrect_data_bn_gold.json
bn_gold_llmj_invalid,bn,0,0,1,matched,1,79,[2702],The news agency is quoting a Yemeni source who says the investigators have wrapped up their questioning and will hand the case over to prosecutors .,quoting,5,ARG1,the quote itself,"[(5, 24)]","[(10, 24)]",False,没有语法错误,False,"gold_right, o1mini_wrong，deepseek_wrong",annotations_single_gold_wlj_final.json,incorrect_data_bn_gold.json
bn_gold_llmj_invalid,bn,0,0,1,matched,1,80,[4093],The note was found in the pocket of Lieutenant Dimitri Kolesnikov whose body was one of the first to be recovered the explosions that shattered the submarine .,recovered,21,ARG1,"that which was sick, now getting better","[(16, 17)]","[(11, 12)]",False,没有语法错误,False,"gold_right, o1mini_wrong，deepseek_wrong",annotations_single_gold_wlj_final.json,incorrect_data_bn_gold.json
bn_gold_llmj_invalid,bn,0,0,1,matched,1,81,[1851],The question should be what the Hosni Mubarak are they still doing there eight years after the peace process began .,doing,12,ARG1,thing done,"[(4, 7)]","[(4, 4)]",False,没有语法错误,False,"gold_right, o1mini_wrong，deepseek_wrong",annotations_single_gold_wlj_final.json,incorrect_data_bn_gold.json
bn_gold_llmj_invalid,bn,0,0,1,matched,1,82,[2953],The show came back with a vengeance last fall chronicling Ozzy and Sharon dealing with cancer and the kids coping with new - found celebrity and one of the top rated shows .,chronicling,10,ARG1,thing recorded,"[(10, 31)]","[(10, 24)]",False,没有语法错误,False,"gold_right, o1mini_wrong，deepseek_wrong",annotations_single_gold_wlj_final.json,incorrect_data_bn_gold.json
bn_gold_llmj_invalid,bn,0,0,1,matched,1,83,[2956],The show came back with a vengeance last fall chronicling Ozzy and Sharon dealing with cancer and the kids coping with new - found celebrity and one of the top rated shows .,dealing,14,ARG1,co-dealer,"[(14, 15)]","[(10, 12)]",False,没有语法错误,False,"gold_right, o1mini_wrong，deepseek_wrong",annotations_single_gold_wlj_final.json,incorrect_data_bn_gold.json
bn_gold_llmj_invalid,bn,0,1,0,matched,1,84,[2356],The song speaks of panic in the household of Slobodan Milosevic .,speaks,3,ARG1,subject,"[(3, 10)]","[(3, 10), (4, 10)]",True,没有语法错误,False,"gold_right, o1mini_wrong，deepseek_wrong",annotations_single_gold_wlj_final.json,incorrect_data_bn_gold.json
bn_gold_llmj_invalid,bn,0,0,1,matched,1,85,[4080],The speech is being billed as a thank - you to the people who twice voted him into the White House and supported him even at his lowest moments .,voted,16,ARG2,"numerical count of vote, margin, down/up","[(16, 16)]","[(14, 14)]",False,没有语法错误,False,"gold_right, o1mini_wrong，deepseek_wrong",annotations_single_gold_wlj_final.json,incorrect_data_bn_gold.json
bn_gold_llmj_invalid,bn,0,0,1,matched,1,86,[4081],The speech is being billed as a thank - you to the people who twice voted him into the White House and supported him even at his lowest moments .,voted,16,ARG1,candidate or ballot issue,"[(17, 20)]","[(16, 16)]",False,没有语法错误,False,"gold_right, o1mini_wrong，deepseek_wrong",annotations_single_gold_wlj_final.json,incorrect_data_bn_gold.json
bn_gold_llmj_invalid,bn,0,1,0,matched,1,87,[2038],The suspects could be executed if they are convicted of the attack .,executed,5,ARG1,corpse,"[(0, 1)]","[(0, 1)]",True,没有语法错误,False,"gold_right, o1mini_wrong，deepseek_wrong",annotations_single_gold_wlj_final.json,incorrect_data_bn_gold.json
bn_gold_llmj_invalid,bn,0,1,0,matched,1,88,[1311],The trip to Georgia was just the first leg .,trip,2,ARG1,thing tripped (circuit breaker),"[(2, 3)]","[(2, 3)]",True,没有语法错误,False,"gold_right, o1mini_wrong，deepseek_wrong",annotations_single_gold_wlj_final.json,incorrect_data_bn_gold.json
bn_gold_llmj_invalid,bn,0,0,1,matched,1,89,[2769],These arms agreements that we were just speaking about have taken quite some time to finalize .,speaking,8,ARG1,subject,"[(8, 8)]","[(0, 2)]",False,没有语法错误,False,"gold_right, o1mini_wrong，deepseek_wrong",annotations_single_gold_wlj_final.json,incorrect_data_bn_gold.json
bn_gold_llmj_invalid,bn,0,1,0,matched,1,90,[851],"They goes in there and nuzzles with the puppies , or lays her eggs and sits there with the mother .",nuzzles,6,ARG1,hugged,"[(6, 8)]","[(6, 8), (7, 8)]",True,没有语法错误,False,"gold_right, o1mini_wrong，deepseek_wrong",annotations_single_gold_wlj_final.json,incorrect_data_bn_gold.json
bn_gold_llmj_invalid,bn,0,0,1,matched,1,91,[1499],"They say the plane took off , clicking the construction equipment , slamming into the ground and then breaking up .",slamming,13,ARG1,thing hit,"[(2, 3)]","[(14, 15)]",False,没有语法错误,False,"gold_right, o1mini_wrong，deepseek_wrong",annotations_single_gold_wlj_final.json,incorrect_data_bn_gold.json
bn_gold_llmj_invalid,bn,0,0,1,matched,1,92,[1493],"They say the plane took off , clicking the construction equipment , slamming into the ground and then breaking up .",took,5,ARG1,,"[(2, 3)]",[],False,没有语法错误,False,"gold_right, o1mini_wrong，deepseek_wrong",annotations_single_gold_wlj_final.json,incorrect_data_bn_gold.json
bn_gold_llmj_invalid,bn,0,1,0,matched,1,93,[1498],"They say the plane took off , clicking the construction equipment , slamming into the ground and then breaking up .",clicking,8,ARG1,thing emitting clicks,"[(8, 10)]","[(8, 10)]",True,没有语法错误,False,"gold_right, o1mini_wrong，deepseek_wrong",annotations_single_gold_wlj_final.json,incorrect_data_bn_gold.json
bn_gold_llmj_invalid,bn,0,0,1,matched,1,94,[4357],"They tried to shoo the hen away but she kept coming back , even putting up baby gates to try to keep the chicken out .",keep,22,ARG1,one noun,"[(22, 24)]","[(22, 23)]",False,没有语法错误,False,"gold_right, o1mini_wrong，deepseek_wrong",annotations_single_gold_wlj_final.json,incorrect_data_bn_gold.json
bn_gold_llmj_invalid,bn,0,1,0,matched,1,95,[4312],This connection to national and musical identities results partly from the fact that many Senegalese artists want to stay in Senegal to live and work says PBS singer Tidia Awadi .,results,8,ARG2,"Goal, end condition","[(0, 6)]","[(0, 6)]",True,没有语法错误,False,"gold_right, o1mini_wrong，deepseek_wrong",annotations_single_gold_wlj_final.json,incorrect_data_bn_gold.json
bn_gold_llmj_invalid,bn,0,0,1,matched,1,96,[3020],This is near the Long Beach Airport and involved a city bus .,involved,9,ARG2,group,"[(0, 0)]","[(9, 11)]",False,没有语法错误,False,"gold_right, o1mini_wrong，deepseek_wrong",annotations_single_gold_wlj_final.json,incorrect_data_bn_gold.json
bn_gold_llmj_invalid,bn,0,0,1,matched,1,97,[2878],"This song is from their latest play , The Last Train for Serbia , which was recorded on the day protestors stormed the federal parliament in Belgrade and the main television stations .",recorded,17,ARG1,record,"[(0, 1)]","[(4, 12), (8, 12)]",False,没有语法错误,False,"gold_right, o1mini_wrong，deepseek_wrong",annotations_single_gold_wlj_final.json,incorrect_data_bn_gold.json
bn_gold_llmj_invalid,bn,0,1,0,matched,1,98,[2884],"This song is from their latest play , The Last Train for Serbia , which was recorded on the day protestors stormed the federal parliament in Belgrade and the main television stations .",stormed,22,ARG1,path,"[(22, 31)]","[(22, 31)]",True,没有语法错误,False,"gold_right, o1mini_wrong，deepseek_wrong",annotations_single_gold_wlj_final.json,incorrect_data_bn_gold.json
bn_gold_llmj_invalid,bn,0,1,0,matched,1,99,[1738],"This was supposed to be the day the truce went into effect , when both sides would call off the violence , but that clearly has not happened , and here in the streets , peace seems very unlikely .",went,10,ARG1,object,"[(7, 8)]","[(7, 8)]",True,没有语法错误,False,"gold_right, o1mini_wrong，deepseek_wrong",annotations_single_gold_wlj_final.json,incorrect_data_bn_gold.json
bn_gold_llmj_invalid,bn,0,0,1,matched,1,100,[1190],Those must be gone over by hand by each respective canvassing board .,gone,4,ARG1,journey,"[(4, 4)]",[],False,没有语法错误,False,"gold_right, o1mini_wrong，deepseek_wrong",annotations_single_gold_wlj_final.json,incorrect_data_bn_gold.json
bn_gold_llmj_invalid,bn,0,1,0,matched,1,101,[1770],"Tonight , some of those families made it clear their battle is not over to get to the truth and however difficult , punish the real authors of this crime .",battle,11,ARG2,spoils,"[(14, 29)]","[(14, 29)]",True,没有语法错误,False,"gold_right, o1mini_wrong，deepseek_wrong",annotations_single_gold_wlj_final.json,incorrect_data_bn_gold.json
bn_gold_llmj_invalid,bn,0,1,0,matched,1,102,[1858],US armed forces and diplomatic personnel might be on high alert for sometime to come .,come,15,ARG1,entity in motion / 'comer',"[(12, 12)]","[(12, 12)]",True,没有语法错误,False,"gold_right, o1mini_wrong，deepseek_wrong",annotations_single_gold_wlj_final.json,incorrect_data_bn_gold.json
bn_gold_llmj_invalid,bn,0,0,1,matched,1,103,[2649],"We 'll talk with a terror expert about that , and Iraqi deserters on the northern front , Ben Wedeman has their story why they 're no longer fighting for Saddam Hussein and Don Shepperd is going to answer some of your questions as he looks at the battle hot spots .",talk,3,ARG1,subject,"[(7, 8)]","[(8, 8)]",False,没有语法错误,False,"gold_right, o1mini_wrong，deepseek_wrong",annotations_single_gold_wlj_final.json,incorrect_data_bn_gold.json
bn_gold_llmj_invalid,bn,0,0,1,matched,1,104,[1823],We have a major development to report tonight involving the crash of that Singapore Airlines 747 in Taiwan this week .,involving,9,ARG2,group,"[(2, 7)]","[(9, 15), (9, 19)]",False,没有语法错误,False,"gold_right, o1mini_wrong，deepseek_wrong",annotations_single_gold_wlj_final.json,incorrect_data_bn_gold.json
bn_gold_llmj_invalid,bn,0,1,0,matched,1,105,[982],"We have the pictures coming in from Central Florida , News 13 .",coming,5,ARG3,start point,"[(5, 8)]","[(5, 8), (6, 8)]",True,没有语法错误,False,"gold_right, o1mini_wrong，deepseek_wrong",annotations_single_gold_wlj_final.json,incorrect_data_bn_gold.json
bn_gold_llmj_invalid,bn,0,1,0,matched,1,106,[3427],"Well , actually President Mubarak was very categorical today in condemning calls for war , which he said were very serious and people should understand the implications of just what it meant .",meant,32,ARG0,agent,"[(30, 30)]","[(30, 30)]",True,没有语法错误,False,"gold_right, o1mini_wrong，deepseek_wrong",annotations_single_gold_wlj_final.json,incorrect_data_bn_gold.json
bn_gold_llmj_invalid,bn,0,0,1,matched,1,107,[805],"Well , his trip has actually been delayed for a couple of years .",trip,4,ARG0,"cause of trip, overload","[(2, 2)]",[],False,没有语法错误,False,"gold_right, o1mini_wrong，deepseek_wrong",annotations_single_gold_wlj_final.json,incorrect_data_bn_gold.json
bn_gold_llmj_invalid,bn,0,0,1,matched,1,108,[144],"Well , the work that we have so far in English translation suggests that , and indeed this novel , which is a celebration as well of the self of the individual , goes so far as to even divide up to the self .",suggests,13,ARG1,Utterance (suggestion),"[(13, 13)]","[(13, 43)]",False,没有语法错误,False,"gold_right, o1mini_wrong，deepseek_wrong",annotations_single_gold_wlj_final.json,incorrect_data_bn_gold.json
bn_gold_llmj_invalid,bn,0,0,1,matched,1,109,[4367],"When Awadi and Barry performed , they managed simultaneously to bathe in the group of American hip - hop and they keep a clear sense that they are from Senegal .",bathe,11,ARG1,"Thing washed, dirt, patient","[(11, 18)]","[(6, 6)]",False,没有语法错误,False,"gold_right, o1mini_wrong，deepseek_wrong",annotations_single_gold_wlj_final.json,incorrect_data_bn_gold.json
bn_gold_llmj_invalid,bn,0,1,0,matched,1,110,[1233],"When you talk about Arafat and the people around him , you have to understand how young this population really is -- how volatile , how close to exploding it really is .",talk,3,ARG1,subject,"[(3, 9)]","[(3, 9), (4, 9)]",True,没有语法错误,False,"gold_right, o1mini_wrong，deepseek_wrong",annotations_single_gold_wlj_final.json,incorrect_data_bn_gold.json
bn_gold_llmj_invalid,bn,0,1,0,matched,1,111,[4158],Yemen 's Prime Minister says at least three Yemenis will go on trial next month in connection with the attack .,go,11,ARG1,object,"[(5, 8)]","[(5, 8)]",True,没有语法错误,False,"gold_right, o1mini_wrong，deepseek_wrong",annotations_single_gold_wlj_final.json,incorrect_data_bn_gold.json
bn_gold_llmj_invalid,bn,0,1,0,matched,1,112,[3831],Yubitrich is one of Belgrade 's most popular actors and he owes it to his skilful portrayal of Slobodan Milosevic .,owes,12,ARG2,seller or person being paid,"[(13, 19)]","[(13, 19), (14, 19)]",True,没有语法错误,False,"gold_right, o1mini_wrong，deepseek_wrong",annotations_single_gold_wlj_final.json,incorrect_data_bn_gold.json
bn_gold_llmj_invalid,bn,0,0,1,matched,1,113,[1453],"`` Iraq has triumphed over its enemies , '' he said , `` and it will triumph in the remaining rounds of the battle . ''",rounds,21,ARG1,,"[(21, 23)]",[],False,没有语法错误,False,"gold_right, o1mini_wrong，deepseek_wrong",annotations_single_gold_wlj_final.json,incorrect_data_bn_gold.json
tc_gold_llmj_invalid,tc,0,1,0,matched,1,1,[1151],%uh lay there let me look at my grandmother kind of thing,lay,2,ARG2,,"[(2, 2)]","[(2, 2)]",True,没有语法错误,False,"gold_right, o1mini_wrong",annotation_tc_single_gold_201_wlj_final.json,incorrect_data_tc_gold.json
tc_gold_llmj_invalid,tc,0,1,0,matched,1,2,[2831],%uh you know I just want her to understand everything that has happened in the last several years yeah . and things like that .,understand,9,ARG1,thing understood,"[(9, 23)]","[(9, 23)]",True,没有语法错误,False,"gold_right, o1mini_wrong",annotation_tc_single_gold_201_wlj_final.json,incorrect_data_tc_gold.json
tc_gold_llmj_invalid,tc,0,1,0,matched,1,3,[3923],"%um , and he says he went in and had some tests ,",had,10,ARG0,owner,"[(5, 5)]","[(5, 5)]",True,没有语法错误,False,"gold_right, o1mini_wrong",annotation_tc_single_gold_201_wlj_final.json,incorrect_data_tc_gold.json
tc_gold_llmj_invalid,tc,0,1,0,matched,1,4,[3925],"%um , and he says he went in and had some tests ,",had,10,ARG1,possession,"[(10, 11)]","[(10, 11)]",True,没有语法错误,False,"gold_right, o1mini_wrong",annotation_tc_single_gold_201_wlj_final.json,incorrect_data_tc_gold.json
tc_gold_llmj_invalid,tc,0,1,0,matched,1,5,[2134],"%um , depends on what you guys want to see .",see,10,ARG1,thing viewed,"[(4, 4)]","[(4, 4)]",True,没有语法错误,False,"gold_right, o1mini_wrong",annotation_tc_single_gold_201_wlj_final.json,incorrect_data_tc_gold.json
tc_gold_llmj_invalid,tc,0,0,1,matched,1,6,[4080],"%um , they had just moved to He 's in New York now , right ? a really nice house in Westchester .",moved,6,ARG2,destination,"[(6, 21)]","[(6, 11), (16, 21)]",False,没有语法错误,False,"gold_right, o1mini_wrong",annotation_tc_single_gold_201_wlj_final.json,incorrect_data_tc_gold.json
tc_gold_llmj_invalid,tc,0,1,0,matched,1,7,[365],"%um . I do n't see the finances occurring uh-huh , right . for a while .",see,6,ARG1,thing viewed,"[(6, 15)]","[(6, 8), (6, 15)]",True,没有语法错误,False,"gold_right, o1mini_wrong",annotation_tc_single_gold_201_wlj_final.json,incorrect_data_tc_gold.json
tc_gold_llmj_invalid,tc,0,1,0,matched,1,8,[366],"%um . I do n't see the finances occurring uh-huh , right . for a while .",occurring,9,ARG1,event,"[(6, 7)]","[(6, 7)]",True,没有语法错误,False,"gold_right, o1mini_wrong",annotation_tc_single_gold_201_wlj_final.json,incorrect_data_tc_gold.json
tc_gold_llmj_invalid,tc,0,0,1,matched,1,9,[2701],"%um 118.91_120.82_B: Let 's see ,",Let,3,ARG1,action allowed,"[(3, 4)]","[(4, 4)]",False,没有语法错误,False,"gold_right, o1mini_wrong",annotation_tc_single_gold_201_wlj_final.json,incorrect_data_tc_gold.json
tc_gold_llmj_invalid,tc,0,1,0,matched,1,10,[1694],"%um and , %um , I 've been getting substantially more work than then .",getting,9,ARG1,thing gotten,"[(9, 13)]","[(9, 11), (9, 13)]",True,没有语法错误,False,"gold_right, o1mini_wrong",annotation_tc_single_gold_201_wlj_final.json,incorrect_data_tc_gold.json
tc_gold_llmj_invalid,tc,0,0,1,matched,1,11,[1358],%um and I 'll sit and talk with Anya about some things that maybe we think that it would be neat for you to see .,see,25,ARG1,thing viewed,"[(12, 12)]","[(10, 11)]",False,没有语法错误,False,"gold_right, o1mini_wrong",annotation_tc_single_gold_201_wlj_final.json,incorrect_data_tc_gold.json
tc_gold_llmj_invalid,tc,0,1,0,matched,1,12,[1353],%um and I 'll sit and talk with Anya about some things that maybe we think that it would be neat for you to see .,talk,7,ARG1,subject,"[(9, 24)]","[(9, 11), (9, 24)]",True,没有语法错误,False,"gold_right, o1mini_wrong",annotation_tc_single_gold_201_wlj_final.json,incorrect_data_tc_gold.json
tc_gold_llmj_invalid,tc,0,0,1,matched,1,13,[2455],%um and I keep thinking maybe I 'd get in touch,get,9,ARG1,thing,"[(6, 6)]",[],False,没有语法错误,False,"gold_right, o1mini_wrong",annotation_tc_single_gold_201_wlj_final.json,incorrect_data_tc_gold.json
tc_gold_llmj_invalid,tc,0,1,0,matched,1,14,[2458],%um and I keep thinking maybe I 'd get in touch,get,9,ARG2,attribute of arg1 (not a VP node),"[(9, 10)]","[(9, 10)]",True,没有语法错误,True,"gold_right, o1mini_wrong",annotation_tc_single_gold_201_wlj_final.json,incorrect_data_tc_gold.json
tc_gold_llmj_invalid,tc,0,1,0,matched,1,15,[3952],"%um and again my husband said we were going to give it a month , you know and said he was even going to have to sheik pray over her , you know for the jen .",have,25,ARG0,causer,"[(19, 19)]","[(19, 19)]",True,没有语法错误,False,"gold_right, o1mini_wrong",annotation_tc_single_gold_201_wlj_final.json,incorrect_data_tc_gold.json
tc_gold_llmj_invalid,tc,0,0,1,matched,1,16,[3954],"%um and again my husband said we were going to give it a month , you know and said he was even going to have to sheik pray over her , you know for the jen .",have,25,ARG1,action,"[(25, 35)]","[(25, 29), (26, 29)]",False,没有语法错误,False,"gold_right, o1mini_wrong",annotation_tc_single_gold_201_wlj_final.json,incorrect_data_tc_gold.json
tc_gold_llmj_invalid,tc,0,0,1,matched,1,17,[3955],"%um and again my husband said we were going to give it a month , you know and said he was even going to have to sheik pray over her , you know for the jen .",pray,28,ARG0,pray-er,"[(25, 26)]","[(26, 26)]",False,没有语法错误,False,"gold_right, o1mini_wrong",annotation_tc_single_gold_201_wlj_final.json,incorrect_data_tc_gold.json
tc_gold_llmj_invalid,tc,0,1,0,matched,1,18,[3957],"%um and again my husband said we were going to give it a month , you know and said he was even going to have to sheik pray over her , you know for the jen .",pray,28,ARG1,prayer,"[(28, 29)]","[(28, 29), (29, 29)]",True,没有语法错误,False,"gold_right, o1mini_wrong",annotation_tc_single_gold_201_wlj_final.json,incorrect_data_tc_gold.json
tc_gold_llmj_invalid,tc,0,1,0,matched,1,19,[668],"%um she caught ,",caught,3,ARG0,receiver,"[(1, 1)]","[(1, 1)]",True,没有语法错误,False,"gold_right, o1mini_wrong",annotation_tc_single_gold_201_wlj_final.json,incorrect_data_tc_gold.json
tc_gold_llmj_invalid,tc,0,1,0,matched,1,20,[528],-- and she 's telling me about you know her sister 's wedding .,know,9,ARG0,knower,"[(7, 7)]","[(7, 7)]",True,没有语法错误,True,"gold_right, o1mini_wrong",annotation_tc_single_gold_201_wlj_final.json,incorrect_data_tc_gold.json
tc_gold_llmj_invalid,tc,0,1,0,matched,1,21,[653],Adele was carrying on that she thought she was at a funeral,carrying,3,ARG1,,"[(4, 11)]","[(4, 11)]",True,没有语法错误,False,"gold_right, o1mini_wrong",annotation_tc_single_gold_201_wlj_final.json,incorrect_data_tc_gold.json
tc_gold_llmj_invalid,tc,0,1,0,matched,1,22,[259],"Alita I 'm telling you nobody can handle her but you , okay .",handle,8,ARG0,handler,"[(5, 5)]","[(5, 5)]",True,没有语法错误,False,"gold_right, o1mini_wrong",annotation_tc_single_gold_201_wlj_final.json,incorrect_data_tc_gold.json
tc_gold_llmj_invalid,tc,0,1,0,matched,1,23,[2641],"And , %uh %huh the most worthwhile thing as far as monetary value went that they stole was the pre-amplifier of my stereo . Unfortunately , because it 's a nice pre-amplifier ,",went,14,ARG1,entity in motion/goer,"[(11, 12)]","[(11, 12)]",True,没有语法错误,True,"gold_right, o1mini_wrong",annotation_tc_single_gold_201_wlj_final.json,incorrect_data_tc_gold.json
tc_gold_llmj_invalid,tc,0,1,0,matched,1,24,[2643],"And , %uh %huh the most worthwhile thing as far as monetary value went that they stole was the pre-amplifier of my stereo . Unfortunately , because it 's a nice pre-amplifier ,",stole,17,ARG1,thing stolen,"[(4, 7)]","[(4, 7), (18, 22)]",True,没有语法错误,False,"gold_right, o1mini_wrong",annotation_tc_single_gold_201_wlj_final.json,incorrect_data_tc_gold.json
tc_gold_llmj_invalid,tc,0,1,0,matched,1,25,[1993],And I 'm actually waiting for Claudia to show up because we were supposed to go into town and meet some people in town .,show,9,ARG1,,"[(6, 6)]","[(6, 6)]",True,没有语法错误,True,"gold_right, o1mini_wrong",annotation_tc_single_gold_201_wlj_final.json,incorrect_data_tc_gold.json
tc_gold_llmj_invalid,tc,0,1,0,matched,1,26,[3903],"And I do n't know how much you know about scientific literature ,",know,9,ARG1,fact that is known,"[(5, 6)]","[(5, 6), (9, 11)]",True,没有语法错误,False,"gold_right, o1mini_wrong",annotation_tc_single_gold_201_wlj_final.json,incorrect_data_tc_gold.json
tc_gold_llmj_invalid,tc,0,0,1,matched,1,27,[766],"And I got a card from ,",got,3,ARG2,giver,"[(5, 5)]",[],False,有语法错误,False,"gold_right, o1mini_wrong",annotation_tc_single_gold_201_wlj_final.json,incorrect_data_tc_gold.json
tc_gold_llmj_invalid,tc,0,1,0,matched,1,28,[222],And I was having a lot of trouble getting across to him that all of the literature has this frequency in the transients Yes . %eh and not driven .,driven,29,ARG1,thing in motion,"[(18, 19)]","[(18, 19)]",True,没有语法错误,True,"gold_right, o1mini_wrong",annotation_tc_single_gold_201_wlj_final.json,incorrect_data_tc_gold.json
tc_gold_llmj_invalid,tc,0,1,0,matched,1,29,[211],And I was having a lot of trouble getting across to him that all of the literature has this frequency in the transients Yes . %eh and not driven .,having,4,ARG1,possession,"[(4, 28)]","[(4, 7), (4, 11), (4, 28)]",True,没有语法错误,False,"gold_right, o1mini_wrong",annotation_tc_single_gold_201_wlj_final.json,incorrect_data_tc_gold.json
tc_gold_llmj_invalid,tc,0,1,0,matched,1,30,[216],And I was having a lot of trouble getting across to him that all of the literature has this frequency in the transients Yes . %eh and not driven .,getting,9,ARG1,thing in motion,"[(12, 28)]","[(12, 28)]",True,没有语法错误,True,"gold_right, o1mini_wrong",annotation_tc_single_gold_201_wlj_final.json,incorrect_data_tc_gold.json
tc_gold_llmj_invalid,tc,0,0,1,matched,1,31,[2388],"And I was like , well I 've been telling you that Neil .",telling,10,ARG1,Utterance,"[(11, 11)]",[],False,有语法错误,False,"gold_right, o1mini_wrong",annotation_tc_single_gold_201_wlj_final.json,incorrect_data_tc_gold.json
tc_gold_llmj_invalid,tc,0,1,0,matched,1,32,[4028],"And in it I put , %um paint samples from Sherwin Williams uh-huh . of all the different like shades of what color I thought you might be thinking of for the bride 's maids .",thought,25,ARG1,Thought,"[(25, 34)]","[(21, 22), (25, 34)]",True,没有语法错误,False,"gold_right, o1mini_wrong",annotation_tc_single_gold_201_wlj_final.json,incorrect_data_tc_gold.json
tc_gold_llmj_invalid,tc,0,0,1,matched,1,33,[4032],"And in it I put , %um paint samples from Sherwin Williams uh-huh . of all the different like shades of what color I thought you might be thinking of for the bride 's maids .",thinking,29,ARG2,Attributive (please look at the examples-- this is tricky),"[(29, 29)]","[(30, 34)]",False,没有语法错误,False,"gold_right, o1mini_wrong",annotation_tc_single_gold_201_wlj_final.json,incorrect_data_tc_gold.json
tc_gold_llmj_invalid,tc,0,0,1,matched,1,34,[4025],"And in it I put , %um paint samples from Sherwin Williams uh-huh . of all the different like shades of what color I thought you might be thinking of for the bride 's maids .",put,5,ARG1,thing put,"[(7, 34)]","[(7, 11), (7, 22)]",False,没有语法错误,False,"gold_right, o1mini_wrong",annotation_tc_single_gold_201_wlj_final.json,incorrect_data_tc_gold.json
tc_gold_llmj_invalid,tc,0,1,0,matched,1,35,[3352],"And one of the things that they find experimentally are what they call anti phased , %uh , states , where if you look at the total intensity uh-huh . of the laser , you get an oscillation which is characterized by one frequency .",call,13,ARG1,item being labelled,"[(10, 10)]","[(10, 10)]",True,没有语法错误,False,"gold_right, o1mini_wrong",annotation_tc_single_gold_201_wlj_final.json,incorrect_data_tc_gold.json
tc_gold_llmj_invalid,tc,0,0,1,matched,1,36,[3355],"And one of the things that they find experimentally are what they call anti phased , %uh , states , where if you look at the total intensity uh-huh . of the laser , you get an oscillation which is characterized by one frequency .",call,13,ARG2,"name itself, attribute of arg1","[(13, 43)]","[(13, 18)]",False,没有语法错误,False,"gold_right, o1mini_wrong",annotation_tc_single_gold_201_wlj_final.json,incorrect_data_tc_gold.json
tc_gold_llmj_invalid,tc,0,1,0,matched,1,37,[3358],"And one of the things that they find experimentally are what they call anti phased , %uh , states , where if you look at the total intensity uh-huh . of the laser , you get an oscillation which is characterized by one frequency .",look,24,ARG1,thing looked at or for or on,"[(24, 32)]","[(24, 32)]",True,没有语法错误,False,"gold_right, o1mini_wrong",annotation_tc_single_gold_201_wlj_final.json,incorrect_data_tc_gold.json
tc_gold_llmj_invalid,tc,0,0,1,matched,1,38,[4103],And she 's just not going to have the same kind of career that she had thought about .,thought,17,ARG2,Attributive (please look at the examples-- this is tricky),"[(17, 17)]",[],False,没有语法错误,False,"gold_right, o1mini_wrong",annotation_tc_single_gold_201_wlj_final.json,incorrect_data_tc_gold.json
tc_gold_llmj_invalid,tc,0,0,1,matched,1,39,[1455],"And so %uh , that 's yeah at least dealt with .",dealt,10,ARG1,co-dealer,"[(10, 10)]",[],False,没有语法错误,False,"gold_right, o1mini_wrong",annotation_tc_single_gold_201_wlj_final.json,incorrect_data_tc_gold.json
tc_gold_llmj_invalid,tc,0,1,0,matched,1,40,[347],"And so , I then had to go bike hunting and eventually get another bike ,",go,8,ARG1,journey,"[(8, 9)]","[(8, 9)]",True,没有语法错误,False,"gold_right, o1mini_wrong",annotation_tc_single_gold_201_wlj_final.json,incorrect_data_tc_gold.json
tc_gold_llmj_invalid,tc,0,0,1,matched,1,41,[2305],And so the problem is that now they found out that it 's worth breaking into .,breaking,15,ARG1,place/domain broken into,"[(15, 15)]",[],False,没有语法错误,False,"gold_right, o1mini_wrong",annotation_tc_single_gold_201_wlj_final.json,incorrect_data_tc_gold.json
tc_gold_llmj_invalid,tc,0,0,1,matched,1,42,[1924],And then they operated on,operated,4,ARG1,,"[(4, 4)]",[],False,有语法错误,False,"gold_right, o1mini_wrong",annotation_tc_single_gold_201_wlj_final.json,incorrect_data_tc_gold.json
tc_gold_llmj_invalid,tc,0,1,0,matched,1,43,[2408],And there were having a sale on the wine dad wanted .,having,4,ARG0,owner,"[(1, 1)]","[(1, 1)]",True,没有语法错误,True,"gold_right, o1mini_wrong",annotation_tc_single_gold_201_wlj_final.json,incorrect_data_tc_gold.json
tc_gold_llmj_invalid,tc,0,0,1,matched,1,44,[2839],And this made writing my thesis very annoying because you know there was n't much discussion .,made,3,ARG1,impelled action/ predication,"[(3, 15)]","[(3, 7)]",False,没有语法错误,False,"gold_right, o1mini_wrong",annotation_tc_single_gold_201_wlj_final.json,incorrect_data_tc_gold.json
tc_gold_llmj_invalid,tc,0,1,0,matched,1,45,[3218],"At least Well that would make sense during the summer %uh according to the stipulations of my fellowship , I can actually earn money during the summer .",make,6,ARG0,creator,"[(3, 3)]","[(3, 3)]",True,没有语法错误,True,"gold_right, o1mini_wrong",annotation_tc_single_gold_201_wlj_final.json,incorrect_data_tc_gold.json
tc_gold_llmj_invalid,tc,0,0,1,matched,1,46,[3734],"But , that 's dealt with at least .",dealt,5,ARG1,co-dealer,"[(5, 5)]",[],False,没有语法错误,False,"gold_right, o1mini_wrong",annotation_tc_single_gold_201_wlj_final.json,incorrect_data_tc_gold.json
tc_gold_llmj_invalid,tc,0,1,0,matched,1,47,[2605],But I 'm sure for people who go in the daytime it 's probably dead . yeah . You know,go,8,ARG0,goer,"[(5, 5)]","[(5, 5)]",True,没有语法错误,False,"gold_right, o1mini_wrong",annotation_tc_single_gold_201_wlj_final.json,incorrect_data_tc_gold.json
tc_gold_llmj_invalid,tc,0,0,1,matched,1,48,[1576],"But at any rate it was nice to hear from her because she said after two years there now , she %um has come to terms with this ,",come,24,ARG1,,"[(24, 25)]","[(20, 20)]",False,没有语法错误,False,"gold_right, o1mini_wrong",annotation_tc_single_gold_201_wlj_final.json,incorrect_data_tc_gold.json
tc_gold_llmj_invalid,tc,0,0,1,matched,1,49,[1577],"But at any rate it was nice to hear from her because she said after two years there now , she %um has come to terms with this ,",come,24,ARG2,,"[(26, 27)]",[],False,没有语法错误,False,"gold_right, o1mini_wrong",annotation_tc_single_gold_201_wlj_final.json,incorrect_data_tc_gold.json
tc_gold_llmj_invalid,tc,0,1,0,matched,1,50,[783],But that 's what she had wrote me .,wrote,7,ARG1,thing written,"[(3, 3)]","[(3, 3)]",True,没有语法错误,False,"gold_right, o1mini_wrong",annotation_tc_single_gold_201_wlj_final.json,incorrect_data_tc_gold.json
tc_gold_llmj_invalid,tc,0,0,1,matched,1,51,[1327],But then again I 'm not sure that Kim would be interested in seeing Shape Headquarters and you know all that kind of stuff . those military things .,seeing,14,ARG1,thing viewed,"[(14, 27)]","[(14, 15)]",False,没有语法错误,False,"gold_right, o1mini_wrong",annotation_tc_single_gold_201_wlj_final.json,incorrect_data_tc_gold.json
tc_gold_llmj_invalid,tc,0,1,0,matched,1,52,[1218],But we got to see Den Haag and places like that too which we 're obviously not going to see this time .,see,5,ARG1,thing viewed,"[(5, 21)]","[(5, 10), (5, 11), (5, 21)]",True,没有语法错误,False,"gold_right, o1mini_wrong",annotation_tc_single_gold_201_wlj_final.json,incorrect_data_tc_gold.json
tc_gold_llmj_invalid,tc,0,1,0,matched,1,53,[457],Climbs down the stairs,Climbs,1,ARG1,thing climbed (clomb?),"[(1, 3)]","[(0, 0), (1, 3)]",True,没有语法错误,False,"gold_right, o1mini_wrong",annotation_tc_single_gold_201_wlj_final.json,incorrect_data_tc_gold.json
tc_gold_llmj_invalid,tc,0,1,0,matched,1,54,[3731],Could you call Kate and tell her that ?,tell,6,ARG1,Utterance,"[(7, 7)]","[(7, 7)]",True,没有语法错误,False,"gold_right, o1mini_wrong",annotation_tc_single_gold_201_wlj_final.json,incorrect_data_tc_gold.json
tc_gold_llmj_invalid,tc,0,1,0,matched,1,55,[303],Did she say how she felt about what had happened ?,felt,6,ARG1,emotion or sensation,"[(3, 3)]","[(3, 3)]",True,没有语法错误,True,"gold_right, o1mini_wrong",annotation_tc_single_gold_201_wlj_final.json,incorrect_data_tc_gold.json
tc_gold_llmj_invalid,tc,0,1,0,matched,1,56,[306],Did she say how she felt about what had happened ?,felt,6,ARG2,entity towards or for whom the emotion is directed,"[(6, 9)]","[(6, 9)]",True,没有语法错误,False,"gold_right, o1mini_wrong",annotation_tc_single_gold_201_wlj_final.json,incorrect_data_tc_gold.json
tc_gold_llmj_invalid,tc,0,0,1,matched,1,57,[3303],Did you have off yesterday ?,have,3,ARG1,possession,"[(4, 4)]","[(3, 3)]",False,没有语法错误,True,"gold_right, o1mini_wrong",annotation_tc_single_gold_201_wlj_final.json,incorrect_data_tc_gold.json
tc_gold_llmj_invalid,tc,0,0,1,matched,1,58,[158],For a woman who is lifting not that much I do n't think yeah . You would .,lifting,6,ARG1,"Logical subject, patient, thing rising","[(6, 8)]",[],False,没有语法错误,False,"gold_right, o1mini_wrong",annotation_tc_single_gold_201_wlj_final.json,incorrect_data_tc_gold.json
tc_gold_llmj_invalid,tc,0,0,1,matched,1,59,[359],Got to get that up to five .,get,3,ARG1,a clause -- action done or descriptive small clause,"[(3, 3)]","[(3, 6)]",False,没有语法错误,False,"gold_right, o1mini_wrong",annotation_tc_single_gold_201_wlj_final.json,incorrect_data_tc_gold.json
tc_gold_llmj_invalid,tc,0,1,0,matched,1,60,[3382],He could n't learn the whole new area %mm . that fast each time .,learn,4,ARG1,subject,"[(4, 7)]","[(4, 7)]",True,没有语法错误,False,"gold_right, o1mini_wrong",annotation_tc_single_gold_201_wlj_final.json,incorrect_data_tc_gold.json
tc_gold_llmj_invalid,tc,0,0,1,matched,1,61,[2265],He eats at least like four of cereal a day like in addition to like meals .,eats,2,ARG1,meal,"[(2, 15)]","[(2, 9), (5, 7)]",False,没有语法错误,False,"gold_right, o1mini_wrong",annotation_tc_single_gold_201_wlj_final.json,incorrect_data_tc_gold.json
tc_gold_llmj_invalid,tc,0,1,0,matched,1,62,[3658],How am I supposed to understand it ?,supposed,4,ARG2,attribute,"[(4, 6)]","[(4, 6)]",True,没有语法错误,False,"gold_right, o1mini_wrong",annotation_tc_single_gold_201_wlj_final.json,incorrect_data_tc_gold.json
tc_gold_llmj_invalid,tc,0,0,1,matched,1,63,[3338],I 'll tell dad that you still think about the,think,8,ARG2,Attributive (please look at the examples-- this is tricky),"[(8, 9)]",[],False,有语法错误,False,"gold_right, o1mini_wrong",annotation_tc_single_gold_201_wlj_final.json,incorrect_data_tc_gold.json
tc_gold_llmj_invalid,tc,0,1,0,matched,1,64,[3229],"I 'm looking at , %um , multi mode lasers .",looking,3,ARG1,thing looked at or for or on,"[(3, 9)]","[(3, 9), (7, 9)]",True,没有语法错误,False,"gold_right, o1mini_wrong",annotation_tc_single_gold_201_wlj_final.json,incorrect_data_tc_gold.json
tc_gold_llmj_invalid,tc,0,0,1,matched,1,65,[1916],I 'm looking forward to that cause %uh,looking,3,ARG1,,"[(4, 5)]","[(4, 6)]",False,没有语法错误,False,"gold_right, o1mini_wrong",annotation_tc_single_gold_201_wlj_final.json,incorrect_data_tc_gold.json
tc_gold_llmj_invalid,tc,0,0,1,matched,1,66,[2040],"I 'm really looking forward to moving to Oregon and dealing with ,",dealing,11,ARG1,co-dealer,"[(11, 11)]",[],False,没有语法错误,False,"gold_right, o1mini_wrong",annotation_tc_single_gold_201_wlj_final.json,incorrect_data_tc_gold.json
tc_gold_llmj_invalid,tc,0,1,0,matched,1,67,[2036],"I 'm really looking forward to moving to Oregon and dealing with ,",looking,4,ARG1,,"[(5, 11)]","[(5, 8), (5, 11)]",True,没有语法错误,False,"gold_right, o1mini_wrong",annotation_tc_single_gold_201_wlj_final.json,incorrect_data_tc_gold.json
tc_gold_llmj_invalid,tc,0,0,1,matched,1,68,[2261],I 've got to,got,3,ARG1,Complement,"[(3, 3)]",[],False,有语法错误,False,"gold_right, o1mini_wrong",annotation_tc_single_gold_201_wlj_final.json,incorrect_data_tc_gold.json
tc_gold_llmj_invalid,tc,0,1,0,matched,1,69,[796],I ca n't say too bad things about the military though .,say,4,ARG1,Utterance,"[(4, 6)]","[(4, 6), (4, 9)]",True,没有语法错误,False,"gold_right, o1mini_wrong",annotation_tc_single_gold_201_wlj_final.json,incorrect_data_tc_gold.json
tc_gold_llmj_invalid,tc,0,1,0,matched,1,70,[797],I ca n't say too bad things about the military though .,say,4,ARG3,Attributive,"[(7, 9)]","[(7, 9)]",True,没有语法错误,False,"gold_right, o1mini_wrong",annotation_tc_single_gold_201_wlj_final.json,incorrect_data_tc_gold.json
tc_gold_llmj_invalid,tc,0,0,1,matched,1,71,[124],I do n't know if you spoke to me before that or when it was that was happening . Or,know,4,ARG1,fact that is known,"[(4, 19)]","[(4, 17)]",False,没有语法错误,False,"gold_right, o1mini_wrong",annotation_tc_single_gold_201_wlj_final.json,incorrect_data_tc_gold.json
tc_gold_llmj_invalid,tc,0,1,0,matched,1,72,[3881],"I had to file Georgia , Kansas yeah and then my federal .",file,4,ARG1,file,"[(4, 11)]","[(4, 11)]",True,没有语法错误,False,"gold_right, o1mini_wrong",annotation_tc_single_gold_201_wlj_final.json,incorrect_data_tc_gold.json
tc_gold_llmj_invalid,tc,0,1,0,matched,1,73,[3557],I had to file three taxes .,file,4,ARG1,file,"[(4, 5)]","[(4, 5)]",True,没有语法错误,False,"gold_right, o1mini_wrong",annotation_tc_single_gold_201_wlj_final.json,incorrect_data_tc_gold.json
tc_gold_llmj_invalid,tc,0,0,1,matched,1,74,[1537],I kind of want to,want,4,ARG1,thing wanted,"[(4, 4)]",[],False,有语法错误,False,"gold_right, o1mini_wrong",annotation_tc_single_gold_201_wlj_final.json,incorrect_data_tc_gold.json
tc_gold_llmj_invalid,tc,0,1,0,matched,1,75,[1564],"I mean , you know , writing a couple of articles based on your Master 's thesis , is , not at all unusual in Physics",based,12,ARG1,"decision, whole","[(10, 10)]","[(6, 10), (7, 10), (10, 10)]",True,没有语法错误,False,"gold_right, o1mini_wrong",annotation_tc_single_gold_201_wlj_final.json,incorrect_data_tc_gold.json
tc_gold_llmj_invalid,tc,0,0,1,matched,1,76,[3847],I mean the only thing is %um just getting your heart rate up for extended periods of time .,getting,9,ARG1,a clause -- action done or descriptive small clause,"[(9, 11)]","[(9, 12), (9, 17)]",False,没有语法错误,False,"gold_right, o1mini_wrong",annotation_tc_single_gold_201_wlj_final.json,incorrect_data_tc_gold.json
tc_gold_llmj_invalid,tc,0,0,1,matched,1,77,[563],I mean things have been happening that has just scared the heck out of me .,scared,10,ARG1,scared entity,"[(12, 14)]","[(14, 14)]",False,没有语法错误,False,"gold_right, o1mini_wrong",annotation_tc_single_gold_201_wlj_final.json,incorrect_data_tc_gold.json
tc_gold_llmj_invalid,tc,0,1,0,matched,1,78,[920],I mean you lay her down on the bed,lay,4,ARG2,,"[(6, 8)]","[(6, 8)]",True,没有语法错误,False,"gold_right, o1mini_wrong",annotation_tc_single_gold_201_wlj_final.json,incorrect_data_tc_gold.json
tc_gold_llmj_invalid,tc,0,1,0,matched,1,79,[3537],I remember So you talking a little bit about it at one point .,talking,5,ARG1,subject,"[(8, 9)]","[(8, 9)]",True,没有语法错误,False,"gold_right, o1mini_wrong",annotation_tc_single_gold_201_wlj_final.json,incorrect_data_tc_gold.json
tc_gold_llmj_invalid,tc,0,0,1,matched,1,80,[1316],I remember when I talked to you in the fall yeah . yeah . that %uh,remember,2,ARG1,memory,"[(2, 15)]",[],False,有语法错误,False,"gold_right, o1mini_wrong",annotation_tc_single_gold_201_wlj_final.json,incorrect_data_tc_gold.json
tc_gold_llmj_invalid,tc,0,0,1,matched,1,81,[2984],I said I feel like I know you even though I never met you .,said,2,ARG1,Utterance,"[(2, 2)]","[(2, 13)]",False,没有语法错误,False,"gold_right, o1mini_wrong",annotation_tc_single_gold_201_wlj_final.json,incorrect_data_tc_gold.json
tc_gold_llmj_invalid,tc,0,1,0,matched,1,82,[2990],I said I feel like I know you even though I never met you .,know,7,ARG1,fact that is known,"[(7, 7)]","[(7, 7)]",True,没有语法错误,False,"gold_right, o1mini_wrong",annotation_tc_single_gold_201_wlj_final.json,incorrect_data_tc_gold.json
tc_gold_llmj_invalid,tc,0,1,0,matched,1,83,[3931],I said to Mark oh my god . What 's she going to say,say,14,ARG1,Utterance,"[(8, 8)]","[(8, 8)]",True,没有语法错误,False,"gold_right, o1mini_wrong",annotation_tc_single_gold_201_wlj_final.json,incorrect_data_tc_gold.json
tc_gold_llmj_invalid,tc,0,0,1,matched,1,84,[2251],"I think I had mentioned before %uh , that there 's a company now that I 'm working with %um , %uh , which is very much just myself and Guss .",working,18,ARG3,coworker,"[(18, 18)]","[(30, 30)]",False,没有语法错误,False,"gold_right, o1mini_wrong",annotation_tc_single_gold_201_wlj_final.json,incorrect_data_tc_gold.json
tc_gold_llmj_invalid,tc,0,0,1,matched,1,85,[2075],"I think Optics Letters is probably the one that we 're shooting for , or else , perhaps , though I do n't think it 's quite that significant , would be Phys Rev Letters .",shooting,12,ARG2,target,"[(12, 12)]","[(2, 3), (6, 7)]",False,没有语法错误,False,"gold_right, o1mini_wrong",annotation_tc_single_gold_201_wlj_final.json,incorrect_data_tc_gold.json
tc_gold_llmj_invalid,tc,0,1,0,matched,1,86,[4153],I told you this .,told,2,ARG1,Utterance,"[(3, 3)]","[(3, 3)]",True,没有语法错误,True,"gold_right, o1mini_wrong",annotation_tc_single_gold_201_wlj_final.json,incorrect_data_tc_gold.json
tc_gold_llmj_invalid,tc,0,0,1,matched,1,87,[1791],Is it paid today ?,paid,3,ARG1,money or attention,"[(1, 1)]",[],False,没有语法错误,False,"gold_right, o1mini_wrong",annotation_tc_single_gold_201_wlj_final.json,incorrect_data_tc_gold.json
tc_gold_llmj_invalid,tc,0,0,1,matched,1,88,[3278],It 's crazy how much he eats .,eats,7,ARG1,meal,"[(3, 4)]",[],False,没有语法错误,False,"gold_right, o1mini_wrong",annotation_tc_single_gold_201_wlj_final.json,incorrect_data_tc_gold.json
tc_gold_llmj_invalid,tc,0,1,0,matched,1,89,[3107],"It 's just But %um %uh , %uh , the main reason for that is I had not really anticipated a few expenses that recently came up %ah . %uh , related to a couple of burglaries that I had .",came,26,ARG1,,"[(20, 22)]","[(20, 22)]",True,没有语法错误,False,"gold_right, o1mini_wrong",annotation_tc_single_gold_201_wlj_final.json,incorrect_data_tc_gold.json
tc_gold_llmj_invalid,tc,0,1,0,matched,1,90,[3115],"It 's just But %um %uh , %uh , the main reason for that is I had not really anticipated a few expenses that recently came up %ah . %uh , related to a couple of burglaries that I had .",had,40,ARG1,possession,"[(36, 36)]","[(33, 36), (36, 36)]",True,没有语法错误,False,"gold_right, o1mini_wrong",annotation_tc_single_gold_201_wlj_final.json,incorrect_data_tc_gold.json
tc_gold_llmj_invalid,tc,0,0,1,matched,1,91,[2963],My daughter - in - law Barbara got on her case real serious yesterday .,got,8,ARG1,thing,"[(0, 6)]",[],False,没有语法错误,False,"gold_right, o1mini_wrong",annotation_tc_single_gold_201_wlj_final.json,incorrect_data_tc_gold.json
tc_gold_llmj_invalid,tc,0,0,1,matched,1,92,[2965],My daughter - in - law Barbara got on her case real serious yesterday .,got,8,ARG2,attribute of arg1 (not a VP node),"[(8, 10)]","[(11, 12)]",False,没有语法错误,False,"gold_right, o1mini_wrong",annotation_tc_single_gold_201_wlj_final.json,incorrect_data_tc_gold.json
tc_gold_llmj_invalid,tc,0,1,0,matched,1,93,[767],Not enough relatives left here anymore ?,left,4,ARG1,,"[(0, 2)]","[(0, 2), (2, 2)]",True,没有语法错误,False,"gold_right, o1mini_wrong",annotation_tc_single_gold_201_wlj_final.json,incorrect_data_tc_gold.json
tc_gold_llmj_invalid,tc,0,0,1,matched,1,94,[3505],"Now , daddy got %um the invitations together for you today .",got,4,ARG1,a clause -- action done or descriptive small clause,"[(5, 6)]","[(5, 7)]",False,没有语法错误,False,"gold_right, o1mini_wrong",annotation_tc_single_gold_201_wlj_final.json,incorrect_data_tc_gold.json
tc_gold_llmj_invalid,tc,0,0,1,matched,1,95,[1113],"Ron is working as a financial consultant for , %um , Meryl Lynch .",working,3,ARG1,"job, project","[(3, 12)]","[(3, 6)]",False,没有语法错误,False,"gold_right, o1mini_wrong",annotation_tc_single_gold_201_wlj_final.json,incorrect_data_tc_gold.json
tc_gold_llmj_invalid,tc,0,0,1,matched,1,96,[3650],"See I think y- , %um ,",think,3,ARG1,Thought,"[(3, 5)]",[],False,有语法错误,False,"gold_right, o1mini_wrong",annotation_tc_single_gold_201_wlj_final.json,incorrect_data_tc_gold.json
tc_gold_llmj_invalid,tc,0,0,1,matched,1,97,[699],She 's coming back tonight .,coming,3,ARG3,start point,"[(3, 3)]",[],False,没有语法错误,False,"gold_right, o1mini_wrong",annotation_tc_single_gold_201_wlj_final.json,incorrect_data_tc_gold.json
tc_gold_llmj_invalid,tc,0,0,1,matched,1,98,[2955],"She 's trying to become a counselor in this drug program , and things",trying,3,ARG1,thing tried,"[(3, 13)]","[(3, 10)]",False,没有语法错误,False,"gold_right, o1mini_wrong",annotation_tc_single_gold_201_wlj_final.json,incorrect_data_tc_gold.json
tc_gold_llmj_invalid,tc,0,0,1,matched,1,99,[2728],She said they had her doing things that she really was n't qualified to do %ah . and that she really did n't feel competent doing .,do,15,ARG1,thing done,"[(7, 7)]","[(6, 6)]",False,没有语法错误,False,"gold_right, o1mini_wrong",annotation_tc_single_gold_201_wlj_final.json,incorrect_data_tc_gold.json
tc_gold_llmj_invalid,tc,0,1,0,matched,1,100,[2735],She said they had her doing things that she really was n't qualified to do %ah . and that she really did n't feel competent doing .,feel,24,ARG1,emotion or sensation,"[(24, 25)]","[(24, 25)]",True,没有语法错误,False,"gold_right, o1mini_wrong",annotation_tc_single_gold_201_wlj_final.json,incorrect_data_tc_gold.json
tc_gold_llmj_invalid,tc,0,1,0,matched,1,101,[2719],She said they had her doing things that she really was n't qualified to do %ah . and that she really did n't feel competent doing .,had,4,ARG1,action,"[(4, 25)]","[(4, 6), (4, 25)]",True,没有语法错误,False,"gold_right, o1mini_wrong",annotation_tc_single_gold_201_wlj_final.json,incorrect_data_tc_gold.json
tc_gold_llmj_invalid,tc,0,0,1,matched,1,102,[1399],"She wrote me a letter mhm . you know about her needing a lot of love , a lot of %um help and different things like this ,",needing,12,ARG1,thing needed,"[(12, 21)]","[(12, 26)]",False,没有语法错误,False,"gold_right, o1mini_wrong",annotation_tc_single_gold_201_wlj_final.json,incorrect_data_tc_gold.json
tc_gold_llmj_invalid,tc,0,0,1,matched,1,103,[1394],"She wrote me a letter mhm . you know about her needing a lot of love , a lot of %um help and different things like this ,",wrote,2,ARG1,thing written,"[(3, 26)]","[(3, 4)]",False,没有语法错误,False,"gold_right, o1mini_wrong",annotation_tc_single_gold_201_wlj_final.json,incorrect_data_tc_gold.json
tc_gold_llmj_invalid,tc,0,1,0,matched,1,104,[1838],"So , %um , I found a simple modification of the original formula , which unfortunately makes the solutions horrendously nasty . And in most cases , %uh , insoluble .",makes,17,ARG1,impelled action/ predication,"[(17, 29)]","[(17, 20), (17, 29)]",True,没有语法错误,False,"gold_right, o1mini_wrong",annotation_tc_single_gold_201_wlj_final.json,incorrect_data_tc_gold.json
tc_gold_llmj_invalid,tc,0,1,0,matched,1,105,[1833],"So , %um , I found a simple modification of the original formula , which unfortunately makes the solutions horrendously nasty . And in most cases , %uh , insoluble .",found,6,ARG1,thing found,"[(6, 29)]","[(6, 12), (6, 29)]",True,没有语法错误,False,"gold_right, o1mini_wrong",annotation_tc_single_gold_201_wlj_final.json,incorrect_data_tc_gold.json
tc_gold_llmj_invalid,tc,0,1,0,matched,1,106,[1490],"So , I had one client who said that he 'd pay me a minimum amount .",said,8,ARG0,Sayer,"[(4, 5)]","[(4, 5)]",True,没有语法错误,False,"gold_right, o1mini_wrong",annotation_tc_single_gold_201_wlj_final.json,incorrect_data_tc_gold.json
tc_gold_llmj_invalid,tc,0,0,1,matched,1,107,[991],So Cool . Cool . that 's mostly the sort of stuff that I 'm spending a lot of time on now . %um,spending,16,ARG2,activity,"[(20, 20)]","[(8, 11)]",False,没有语法错误,False,"gold_right, o1mini_wrong",annotation_tc_single_gold_201_wlj_final.json,incorrect_data_tc_gold.json
tc_gold_llmj_invalid,tc,0,0,1,matched,1,108,[1797],So complicated when you 're dealing with a Dutch tax form .,dealing,6,ARG1,co-dealer,"[(6, 10)]",[],False,没有语法错误,False,"gold_right, o1mini_wrong",annotation_tc_single_gold_201_wlj_final.json,incorrect_data_tc_gold.json
tc_gold_llmj_invalid,tc,0,0,1,matched,1,109,[38],So let 's see .,let,2,ARG1,action allowed,"[(2, 3)]","[(3, 3)]",False,没有语法错误,False,"gold_right, o1mini_wrong",annotation_tc_single_gold_201_wlj_final.json,incorrect_data_tc_gold.json
tc_gold_llmj_invalid,tc,0,1,0,matched,1,110,[323],So they had to take it down and drive her home .,drive,9,ARG1,vehicle or path,"[(10, 10)]","[(10, 10)]",True,没有语法错误,False,"gold_right, o1mini_wrong",annotation_tc_single_gold_201_wlj_final.json,incorrect_data_tc_gold.json
tc_gold_llmj_invalid,tc,0,1,0,matched,1,111,[77],So we 're looking forward to that .,looking,4,ARG1,,"[(5, 6)]","[(5, 6)]",True,没有语法错误,False,"gold_right, o1mini_wrong",annotation_tc_single_gold_201_wlj_final.json,incorrect_data_tc_gold.json
tc_gold_llmj_invalid,tc,0,1,0,matched,1,112,[2678],So what 's happening is that the modes are oscillating out of phase so that they completely mask each other 's Exactly . %hm . oscillations on these other frequencies .,mask,18,ARG1,thing covered,"[(18, 29)]","[(18, 29)]",True,没有语法错误,False,"gold_right, o1mini_wrong",annotation_tc_single_gold_201_wlj_final.json,incorrect_data_tc_gold.json
tc_gold_llmj_invalid,tc,0,0,1,matched,1,113,[1461],Some amount that has to be deducted a certain amount,deducted,7,ARG1,thing being subtracted,"[(2, 2)]","[(0, 1)]",False,没有语法错误,False,"gold_right, o1mini_wrong",annotation_tc_single_gold_201_wlj_final.json,incorrect_data_tc_gold.json
tc_gold_llmj_invalid,tc,0,1,0,matched,1,114,[2713],Somehow I had this feeling that the military taste had been beaten out of you .,beaten,12,ARG2,"direction, destination","[(12, 14)]","[(12, 14)]",True,没有语法错误,False,"gold_right, o1mini_wrong",annotation_tc_single_gold_201_wlj_final.json,incorrect_data_tc_gold.json
tc_gold_llmj_invalid,tc,0,1,0,matched,1,115,[2426],Somehow it raises a small amount .,raises,3,ARG1,"Logical subject, patient, thing rising","[(1, 1)]","[(1, 1)]",True,没有语法错误,False,"gold_right, o1mini_wrong",annotation_tc_single_gold_201_wlj_final.json,incorrect_data_tc_gold.json
tc_gold_llmj_invalid,tc,0,1,0,matched,1,116,[1868],That same thing happened to Aliah .,happened,4,ARG2,benefactive,"[(4, 5)]","[(4, 5)]",True,没有语法错误,False,"gold_right, o1mini_wrong",annotation_tc_single_gold_201_wlj_final.json,incorrect_data_tc_gold.json
tc_gold_llmj_invalid,tc,0,0,1,matched,1,117,[3518],There 's a pretty good sale . %mm . So now we have to keep our eyes open for a champagne sale .,keep,15,ARG1,continued entity,"[(15, 21)]","[(15, 16)]",False,没有语法错误,False,"gold_right, o1mini_wrong",annotation_tc_single_gold_201_wlj_final.json,incorrect_data_tc_gold.json
tc_gold_llmj_invalid,tc,0,1,0,matched,1,118,[26],They 're the ones who can eat all day .,eat,7,ARG0,"consumer, eater","[(2, 3)]","[(0, 0), (2, 3)]",True,没有语法错误,False,"gold_right, o1mini_wrong",annotation_tc_single_gold_201_wlj_final.json,incorrect_data_tc_gold.json
tc_gold_llmj_invalid,tc,0,1,0,matched,1,119,[2866],They 're winding down .,winding,3,ARG1,,"[(0, 0)]","[(0, 0)]",True,没有语法错误,True,"gold_right, o1mini_wrong",annotation_tc_single_gold_201_wlj_final.json,incorrect_data_tc_gold.json
tc_gold_llmj_invalid,tc,0,1,0,matched,1,120,[2600],They learned an amazing amount of German .,learned,2,ARG1,subject,"[(2, 6)]","[(2, 6)]",True,没有语法错误,False,"gold_right, o1mini_wrong",annotation_tc_single_gold_201_wlj_final.json,incorrect_data_tc_gold.json
tc_gold_llmj_invalid,tc,0,1,0,matched,1,121,[3868],"They seemed surprised that ,",seemed,2,ARG1,thing seeming,"[(2, 3)]","[(0, 0), (2, 3)]",True,没有语法错误,False,"gold_right, o1mini_wrong",annotation_tc_single_gold_201_wlj_final.json,incorrect_data_tc_gold.json
tc_gold_llmj_invalid,tc,0,0,1,matched,1,122,[1748],Told her that she could n't talk to Jasmine play with Jasmine because she said she hurt Jasmine 's Jetta you know,Told,1,ARG1,Utterance,"[(2, 21)]","[(2, 11), (3, 11)]",False,没有语法错误,False,"gold_right, o1mini_wrong",annotation_tc_single_gold_201_wlj_final.json,incorrect_data_tc_gold.json
tc_gold_llmj_invalid,tc,0,1,0,matched,1,123,[1434],"Well , how does Akina feel ?",feel,6,ARG1,emotion or sensation,"[(2, 2)]","[(2, 2)]",True,没有语法错误,True,"gold_right, o1mini_wrong",annotation_tc_single_gold_201_wlj_final.json,incorrect_data_tc_gold.json
tc_gold_llmj_invalid,tc,0,1,0,matched,1,124,[3992],Well I mean he does work his ass off,work,6,ARG1,thing manipulated,"[(6, 7)]","[(6, 7)]",True,没有语法错误,True,"gold_right, o1mini_wrong",annotation_tc_single_gold_201_wlj_final.json,incorrect_data_tc_gold.json
tc_gold_llmj_invalid,tc,0,1,0,matched,1,125,[3993],Well I mean he does work his ass off,work,6,ARG2,"destination, end state","[(8, 8)]","[(8, 8)]",True,没有语法错误,True,"gold_right, o1mini_wrong",annotation_tc_single_gold_201_wlj_final.json,incorrect_data_tc_gold.json
tc_gold_llmj_invalid,tc,0,1,0,matched,1,126,[859],"Well I would say is once you 're at a hotel uh-huh %um , why do n't you call me at work and let me know where you are ,",let,24,ARG1,action allowed,"[(24, 28)]","[(24, 28)]",True,没有语法错误,False,"gold_right, o1mini_wrong",annotation_tc_single_gold_201_wlj_final.json,incorrect_data_tc_gold.json
tc_gold_llmj_invalid,tc,0,0,1,matched,1,127,[3097],"Well it 'll look good on your C V , your resume .",look,4,ARG1,thing looked at or for or on,"[(1, 1)]","[(6, 11)]",False,没有语法错误,False,"gold_right, o1mini_wrong",annotation_tc_single_gold_201_wlj_final.json,incorrect_data_tc_gold.json
tc_gold_llmj_invalid,tc,0,1,0,matched,1,128,[2375],Well it 's good to hear from Francis who 's had a lot of child-,had,11,ARG1,entity birthed,"[(11, 14)]","[(11, 14)]",True,没有语法错误,False,"gold_right, o1mini_wrong",annotation_tc_single_gold_201_wlj_final.json,incorrect_data_tc_gold.json
tc_gold_llmj_invalid,tc,0,0,1,matched,1,129,[3316],Well you know or luck making a way and making it at ease for you to,making,10,ARG1,impelled action/ predication,"[(10, 15)]","[(10, 12), (10, 14)]",False,没有语法错误,False,"gold_right, o1mini_wrong",annotation_tc_single_gold_201_wlj_final.json,incorrect_data_tc_gold.json
tc_gold_llmj_invalid,tc,0,1,0,matched,1,130,[3310],Well you know or luck making a way and making it at ease for you to,making,6,ARG0,creator,"[(4, 4)]","[(4, 4)]",True,没有语法错误,True,"gold_right, o1mini_wrong",annotation_tc_single_gold_201_wlj_final.json,incorrect_data_tc_gold.json
tc_gold_llmj_invalid,tc,0,1,0,matched,1,131,[3818],"Which you know , given how far he 's gotten , you know , he got his degree at Tufts and all , I found that surprising that for the first time as an adult they 're diagnosing this . %um",gotten,10,ARG1,thing in motion,"[(7, 7)]","[(7, 7)]",True,没有语法错误,False,"gold_right, o1mini_wrong",annotation_tc_single_gold_201_wlj_final.json,incorrect_data_tc_gold.json
tc_gold_llmj_invalid,tc,0,1,0,matched,1,132,[3825],"Which you know , given how far he 's gotten , you know , he got his degree at Tufts and all , I found that surprising that for the first time as an adult they 're diagnosing this . %um",got,16,ARG2,giver,"[(18, 19)]","[(18, 19)]",True,没有语法错误,False,"gold_right, o1mini_wrong",annotation_tc_single_gold_201_wlj_final.json,incorrect_data_tc_gold.json
tc_gold_llmj_invalid,tc,0,1,0,matched,1,133,[2216],"You do burn a lot of calories an hour though , lifting weights .",burn,3,ARG1,thing burning,"[(3, 8)]","[(3, 6), (3, 8)]",True,没有语法错误,False,"gold_right, o1mini_wrong",annotation_tc_single_gold_201_wlj_final.json,incorrect_data_tc_gold.json
tc_gold_llmj_invalid,tc,0,1,0,matched,1,134,[806],"actually it turns out that one thing , one little bit in what I was doing , %uh , is going to turn out to be very important in the end . %uh , from what I had been reading in the literature .",doing,16,ARG1,thing done,"[(12, 12)]","[(12, 12)]",True,没有语法错误,False,"gold_right, o1mini_wrong",annotation_tc_single_gold_201_wlj_final.json,incorrect_data_tc_gold.json
tc_gold_llmj_invalid,tc,0,0,1,matched,1,135,[805],"actually it turns out that one thing , one little bit in what I was doing , %uh , is going to turn out to be very important in the end . %uh , from what I had been reading in the literature .",turns,3,ARG1,,"[(4, 42)]","[(4, 30)]",False,没有语法错误,False,"gold_right, o1mini_wrong",annotation_tc_single_gold_201_wlj_final.json,incorrect_data_tc_gold.json
tc_gold_llmj_invalid,tc,0,1,0,matched,1,136,[813],"actually it turns out that one thing , one little bit in what I was doing , %uh , is going to turn out to be very important in the end . %uh , from what I had been reading in the literature .",reading,40,ARG3,"text, content","[(35, 35)]","[(35, 35)]",True,没有语法错误,True,"gold_right, o1mini_wrong",annotation_tc_single_gold_201_wlj_final.json,incorrect_data_tc_gold.json
tc_gold_llmj_invalid,tc,0,1,0,matched,1,137,[816],"actually it turns out that one thing , one little bit in what I was doing , %uh , is going to turn out to be very important in the end . %uh , from what I had been reading in the literature .",reading,40,ARG1,thing read (book),"[(40, 42)]","[(35, 35), (40, 42)]",True,没有语法错误,True,"gold_right, o1mini_wrong",annotation_tc_single_gold_201_wlj_final.json,incorrect_data_tc_gold.json
tc_gold_llmj_invalid,tc,0,1,0,matched,1,138,[2901],"and %um it 's just been quite interesting although when she was in Rhode Island she was very disruptive , %um down there and really caused Francis a lot of stress",caused,26,ARG1,impelled action,"[(27, 30)]","[(26, 30), (27, 30)]",True,没有语法错误,False,"gold_right, o1mini_wrong",annotation_tc_single_gold_201_wlj_final.json,incorrect_data_tc_gold.json
tc_gold_llmj_invalid,tc,0,1,0,matched,1,139,[3066],and Adele still talks about the black dress .,talks,4,ARG1,subject,"[(4, 7)]","[(4, 7)]",True,没有语法错误,False,"gold_right, o1mini_wrong",annotation_tc_single_gold_201_wlj_final.json,incorrect_data_tc_gold.json
tc_gold_llmj_invalid,tc,0,0,1,matched,1,140,[1713],"and I 'm actually presently working on , %um , several , %uh , articles oh , okay . Impressive . from it .",working,6,ARG1,"job, project","[(6, 22)]","[(6, 14), (10, 14)]",False,没有语法错误,False,"gold_right, o1mini_wrong",annotation_tc_single_gold_201_wlj_final.json,incorrect_data_tc_gold.json
tc_gold_llmj_invalid,tc,0,0,1,matched,1,141,[2522],and I kind of hinted to her that really the only way to lose weight is cardio vascular . mhm . It 's true . And that lifting the weights wo n't lose weight .,lose,33,ARG0,entity losing something,"[(27, 29)]",[],False,没有语法错误,False,"gold_right, o1mini_wrong",annotation_tc_single_gold_201_wlj_final.json,incorrect_data_tc_gold.json
tc_gold_llmj_invalid,tc,0,0,1,matched,1,142,[94],and I would have been spending more time on it if it were n't for %uh dealing with the burglary issues oh yeah but that I 've been dealing with .,dealing,17,ARG1,co-dealer,"[(17, 29)]",[],False,没有语法错误,False,"gold_right, o1mini_wrong",annotation_tc_single_gold_201_wlj_final.json,incorrect_data_tc_gold.json
tc_gold_llmj_invalid,tc,0,0,1,matched,1,143,[98],and I would have been spending more time on it if it were n't for %uh dealing with the burglary issues oh yeah but that I 've been dealing with .,dealing,29,ARG1,co-dealer,"[(29, 29)]",[],False,没有语法错误,False,"gold_right, o1mini_wrong",annotation_tc_single_gold_201_wlj_final.json,incorrect_data_tc_gold.json
tc_gold_llmj_invalid,tc,0,1,0,matched,1,144,[91],and I would have been spending more time on it if it were n't for %uh dealing with the burglary issues oh yeah but that I 've been dealing with .,spending,6,ARG2,activity,"[(8, 9)]","[(8, 9)]",True,没有语法错误,False,"gold_right, o1mini_wrong",annotation_tc_single_gold_201_wlj_final.json,incorrect_data_tc_gold.json
tc_gold_llmj_invalid,tc,0,1,0,matched,1,145,[2358],and all of a sudden she 's getting conference papers rejected,getting,8,ARG0,receiver,"[(5, 5)]","[(5, 5)]",True,没有语法错误,False,"gold_right, o1mini_wrong",annotation_tc_single_gold_201_wlj_final.json,incorrect_data_tc_gold.json
tc_gold_llmj_invalid,tc,0,1,0,matched,1,146,[2360],and all of a sudden she 's getting conference papers rejected,getting,8,ARG1,thing gotten,"[(8, 10)]","[(8, 10)]",True,没有语法错误,False,"gold_right, o1mini_wrong",annotation_tc_single_gold_201_wlj_final.json,incorrect_data_tc_gold.json
tc_gold_llmj_invalid,tc,0,1,0,matched,1,147,[1240],and also lifting weights at Bally 's means you 're standing on line for as much time as you 're actually lifting .,standing,11,ARG0,causal agent,"[(8, 8)]","[(8, 8)]",True,没有语法错误,True,"gold_right, o1mini_wrong",annotation_tc_single_gold_201_wlj_final.json,incorrect_data_tc_gold.json
tc_gold_llmj_invalid,tc,0,1,0,matched,1,148,[1237],and also lifting weights at Bally 's means you 're standing on line for as much time as you 're actually lifting .,means,8,ARG0,agent,"[(2, 6)]","[(2, 6)]",True,没有语法错误,False,"gold_right, o1mini_wrong",annotation_tc_single_gold_201_wlj_final.json,incorrect_data_tc_gold.json
tc_gold_llmj_invalid,tc,0,0,1,matched,1,149,[2100],"and it 'll look good on me , you know like fit me , Sure . which is necessary at the moment because I 'm plump",look,4,ARG1,thing looked at or for or on,"[(1, 1)]","[(5, 6)]",False,没有语法错误,False,"gold_right, o1mini_wrong",annotation_tc_single_gold_201_wlj_final.json,incorrect_data_tc_gold.json
tc_gold_llmj_invalid,tc,0,0,1,matched,1,150,[1472],and mhm %um you know . It feels like maybe she made a compromise,feels,8,ARG1,stimulus,"[(6, 6)]","[(8, 13)]",False,没有语法错误,False,"gold_right, o1mini_wrong",annotation_tc_single_gold_201_wlj_final.json,incorrect_data_tc_gold.json
tc_gold_llmj_invalid,tc,0,1,0,matched,1,151,[2684],and she got mad .,got,3,ARG1,thing,"[(1, 1)]","[(1, 1)]",True,没有语法错误,False,"gold_right, o1mini_wrong",annotation_tc_single_gold_201_wlj_final.json,incorrect_data_tc_gold.json
tc_gold_llmj_invalid,tc,0,1,0,matched,1,152,[330],and she had to keep reminding herself .,reminding,6,ARG1,thing reminded about,"[(6, 6)]","[(6, 6)]",True,没有语法错误,True,"gold_right, o1mini_wrong",annotation_tc_single_gold_201_wlj_final.json,incorrect_data_tc_gold.json
tc_gold_llmj_invalid,tc,0,1,0,matched,1,153,[180],and so Neil then -- Said oh just a second I -- like a week later came to Bryn Mawr,came,17,ARG1,entity in motion / 'comer',"[(2, 2)]","[(2, 2), (10, 10)]",True,没有语法错误,False,"gold_right, o1mini_wrong",annotation_tc_single_gold_201_wlj_final.json,incorrect_data_tc_gold.json
tc_gold_llmj_invalid,tc,0,1,0,matched,1,154,[1705],and that did n't work out .,work,5,ARG1,,"[(1, 1)]","[(1, 1)]",True,没有语法错误,False,"gold_right, o1mini_wrong",annotation_tc_single_gold_201_wlj_final.json,incorrect_data_tc_gold.json
tc_gold_llmj_invalid,tc,0,1,0,matched,1,155,[3058],and we 're going to go see her next Thursday and talk about her making my wedding dress .,talk,12,ARG1,subject,"[(12, 17)]","[(12, 17)]",True,没有语法错误,False,"gold_right, o1mini_wrong",annotation_tc_single_gold_201_wlj_final.json,incorrect_data_tc_gold.json
tc_gold_llmj_invalid,tc,0,1,0,matched,1,156,[2539],"and we can like do a quick dinner or something yeah and go see whatever you want to see ,",see,19,ARG1,thing viewed,"[(14, 14)]","[(14, 14)]",True,没有语法错误,False,"gold_right, o1mini_wrong",annotation_tc_single_gold_201_wlj_final.json,incorrect_data_tc_gold.json
tc_gold_llmj_invalid,tc,0,0,1,matched,1,157,[3086],and we go through a box of cereal every two days .,go,3,ARG2,"direction, usually a particle","[(3, 7)]","[(3, 3)]",False,没有语法错误,True,"gold_right, o1mini_wrong",annotation_tc_single_gold_201_wlj_final.json,incorrect_data_tc_gold.json
tc_gold_llmj_invalid,tc,0,0,1,matched,1,158,[1269],and you tell her .,tell,3,ARG1,Utterance,"[(3, 3)]",[],False,没有语法错误,False,"gold_right, o1mini_wrong",annotation_tc_single_gold_201_wlj_final.json,incorrect_data_tc_gold.json
tc_gold_llmj_invalid,tc,0,1,0,matched,1,159,[1443],apparently like at Lisa Manachi 's wedding like the whole night people were talking about how bad the black dresses were .,talking,14,ARG1,subject,"[(14, 20)]","[(14, 20)]",True,没有语法错误,False,"gold_right, o1mini_wrong",annotation_tc_single_gold_201_wlj_final.json,incorrect_data_tc_gold.json
tc_gold_llmj_invalid,tc,0,0,1,matched,1,160,[1963],as soon as you get into Holland and get yourself settled you can call me,get,9,ARG1,thing,"[(3, 3)]","[(9, 10)]",False,没有语法错误,False,"gold_right, o1mini_wrong",annotation_tc_single_gold_201_wlj_final.json,incorrect_data_tc_gold.json
tc_gold_llmj_invalid,tc,0,1,0,matched,1,161,[1513],because I knew what she would do if I took her somewhere you know what she would say,say,18,ARG1,Utterance,"[(14, 14)]","[(14, 14)]",True,没有语法错误,True,"gold_right, o1mini_wrong",annotation_tc_single_gold_201_wlj_final.json,incorrect_data_tc_gold.json
tc_gold_llmj_invalid,tc,0,1,0,matched,1,162,[1502],because I knew what she would do if I took her somewhere you know what she would say,do,7,ARG1,thing done,"[(3, 3)]","[(3, 3)]",True,没有语法错误,True,"gold_right, o1mini_wrong",annotation_tc_single_gold_201_wlj_final.json,incorrect_data_tc_gold.json
tc_gold_llmj_invalid,tc,0,0,1,matched,1,163,[2662],bring me back active duty and pay me for the day if they 're going to drag me off somewhere .,drag,17,ARG2,direction,"[(18, 18)]","[(19, 19)]",False,没有语法错误,False,"gold_right, o1mini_wrong",annotation_tc_single_gold_201_wlj_final.json,incorrect_data_tc_gold.json
tc_gold_llmj_invalid,tc,0,1,0,matched,1,164,[1898],but I 'm planning on making a trip down to visit her .,making,6,ARG1,goal,"[(6, 8)]","[(6, 8), (6, 11)]",True,没有语法错误,False,"gold_right, o1mini_wrong",annotation_tc_single_gold_201_wlj_final.json,incorrect_data_tc_gold.json
tc_gold_llmj_invalid,tc,0,1,0,matched,1,165,[3266],"but I think he 's at a point now where he 's reserved us of that %um , you know that she may end up going %um to %uh t-",reserved,13,ARG2,benefactive,"[(13, 13)]","[(13, 13)]",True,没有语法错误,False,"gold_right, o1mini_wrong",annotation_tc_single_gold_201_wlj_final.json,incorrect_data_tc_gold.json
tc_gold_llmj_invalid,tc,0,1,0,matched,1,166,[3267],"but I think he 's at a point now where he 's reserved us of that %um , you know that she may end up going %um to %uh t-",reserved,13,ARG3,secondary attribute of arg1,"[(14, 29)]","[(14, 29)]",True,没有语法错误,True,"gold_right, o1mini_wrong",annotation_tc_single_gold_201_wlj_final.json,incorrect_data_tc_gold.json
tc_gold_llmj_invalid,tc,0,1,0,matched,1,167,[3270],"but I think he 's at a point now where he 's reserved us of that %um , you know that she may end up going %um to %uh t-",end,24,ARG1,,"[(21, 21)]","[(21, 21)]",True,没有语法错误,False,"gold_right, o1mini_wrong",annotation_tc_single_gold_201_wlj_final.json,incorrect_data_tc_gold.json
tc_gold_llmj_invalid,tc,0,0,1,matched,1,168,[3273],"but I think he 's at a point now where he 's reserved us of that %um , you know that she may end up going %um to %uh t-",end,24,ARG2,,"[(25, 29)]",[],False,有语法错误,False,"gold_right, o1mini_wrong",annotation_tc_single_gold_201_wlj_final.json,incorrect_data_tc_gold.json
tc_gold_llmj_invalid,tc,0,1,0,matched,1,169,[3074],but it has to be debited from a bank account so it 's got to be debited from his .,got,14,ARG1,Complement,"[(14, 18)]","[(14, 18)]",True,没有语法错误,False,"gold_right, o1mini_wrong",annotation_tc_single_gold_201_wlj_final.json,incorrect_data_tc_gold.json
tc_gold_llmj_invalid,tc,0,0,1,matched,1,170,[265],but that 's what he said .,said,6,ARG1,Utterance,"[(1, 1)]","[(3, 3)]",False,没有语法错误,False,"gold_right, o1mini_wrong",annotation_tc_single_gold_201_wlj_final.json,incorrect_data_tc_gold.json
tc_gold_llmj_invalid,tc,0,1,0,matched,1,171,[1850],"but they 're winding down , so you know them really well by this point .",know,9,ARG1,fact that is known,"[(9, 9)]","[(9, 9)]",True,没有语法错误,False,"gold_right, o1mini_wrong",annotation_tc_single_gold_201_wlj_final.json,incorrect_data_tc_gold.json
tc_gold_llmj_invalid,tc,0,1,0,matched,1,172,[2881],"but yeah if you just separate normally and you have n't served at least eight years , then you owe it .",separate,6,ARG1,thing being divided,"[(3, 3)]","[(3, 3)]",True,没有语法错误,False,"gold_right, o1mini_wrong",annotation_tc_single_gold_201_wlj_final.json,incorrect_data_tc_gold.json
tc_gold_llmj_invalid,tc,0,0,1,matched,1,173,[2308],have to deal with the situation .,deal,3,ARG1,co-dealer,"[(3, 5)]",[],False,没有语法错误,False,"gold_right, o1mini_wrong",annotation_tc_single_gold_201_wlj_final.json,incorrect_data_tc_gold.json
tc_gold_llmj_invalid,tc,0,0,1,matched,1,174,[3172],"if this does happen and I do believe it may happen , %um you know we will have an agreement , she and I , you know ,",believe,8,ARG1,believed,"[(8, 14)]","[(8, 10)]",False,没有语法错误,False,"gold_right, o1mini_wrong",annotation_tc_single_gold_201_wlj_final.json,incorrect_data_tc_gold.json
tc_gold_llmj_invalid,tc,0,1,0,matched,1,175,[3413],"if you separate out the different modes of the laser mhm . and look at one of those , you get more than one frequency .",look,14,ARG0,looker,"[(1, 1)]","[(1, 1)]",True,没有语法错误,False,"gold_right, o1mini_wrong",annotation_tc_single_gold_201_wlj_final.json,incorrect_data_tc_gold.json
tc_gold_llmj_invalid,tc,0,1,0,matched,1,176,[2187],"it has an off board power supply which they did n't steal , which makes the thing that they **stoled** absolutely worthless .",makes,15,ARG1,impelled action/ predication,"[(15, 21)]","[(15, 21)]",True,没有语法错误,False,"gold_right, o1mini_wrong",annotation_tc_single_gold_201_wlj_final.json,incorrect_data_tc_gold.json
tc_gold_llmj_invalid,tc,0,1,0,matched,1,177,[2188],"it has an off board power supply which they did n't steal , which makes the thing that they **stoled** absolutely worthless .",**stoled**,20,ARG1,thing stolen,"[(15, 16)]","[(15, 16)]",True,没有语法错误,False,"gold_right, o1mini_wrong",annotation_tc_single_gold_201_wlj_final.json,incorrect_data_tc_gold.json
tc_gold_llmj_invalid,tc,0,0,1,matched,1,178,[3216],it was just that no one really knew it was worth breaking into .,breaking,12,ARG1,place/domain broken into,"[(12, 12)]",[],False,没有语法错误,False,"gold_right, o1mini_wrong",annotation_tc_single_gold_201_wlj_final.json,incorrect_data_tc_gold.json
tc_gold_llmj_invalid,tc,0,1,0,matched,1,179,[2167],"let 's see she bought ,",let,1,ARG1,action allowed,"[(1, 4)]","[(1, 4), (2, 4)]",True,没有语法错误,False,"gold_right, o1mini_wrong",annotation_tc_single_gold_201_wlj_final.json,incorrect_data_tc_gold.json
tc_gold_llmj_invalid,tc,0,1,0,matched,1,180,[2168],"let 's see she bought ,",see,3,ARG0,you,"[(1, 1)]","[(1, 1)]",True,没有语法错误,True,"gold_right, o1mini_wrong",annotation_tc_single_gold_201_wlj_final.json,incorrect_data_tc_gold.json
tc_gold_llmj_invalid,tc,0,1,0,matched,1,181,[1526],oh . How 's he doing ?,doing,6,ARG0,"agent, doer","[(4, 4)]","[(4, 4)]",True,没有语法错误,False,"gold_right, o1mini_wrong",annotation_tc_single_gold_201_wlj_final.json,incorrect_data_tc_gold.json
tc_gold_llmj_invalid,tc,0,0,1,matched,1,182,[1696],"she did some %eh ,",did,2,ARG1,thing done,"[(2, 3)]",[],False,有语法错误,False,"gold_right, o1mini_wrong",annotation_tc_single_gold_201_wlj_final.json,incorrect_data_tc_gold.json
tc_gold_llmj_invalid,tc,0,1,0,matched,1,183,[4015],so I decided that it would make sense to do this .,make,7,ARG0,creator,"[(8, 10)]","[(4, 4), (8, 10)]",True,没有语法错误,False,"gold_right, o1mini_wrong",annotation_tc_single_gold_201_wlj_final.json,incorrect_data_tc_gold.json
tc_gold_llmj_invalid,tc,0,1,0,matched,1,184,[1277],so are you going to get an article in Nature or something ?,get,6,ARG1,a clause -- action done or descriptive small clause,"[(6, 7)]","[(6, 7), (6, 11)]",True,没有语法错误,False,"gold_right, o1mini_wrong",annotation_tc_single_gold_201_wlj_final.json,incorrect_data_tc_gold.json
tc_gold_llmj_invalid,tc,0,1,0,matched,1,185,[2032],"so you 're pushing forward the bounds of theoretical laser , %uh , whatever it is science .",pushing,4,ARG1,thing pushed,"[(5, 16)]","[(5, 9), (5, 16)]",True,没有语法错误,False,"gold_right, o1mini_wrong",annotation_tc_single_gold_201_wlj_final.json,incorrect_data_tc_gold.json
tc_gold_llmj_invalid,tc,0,1,0,matched,1,186,[4149],they learned a lot of German .,learned,2,ARG1,subject,"[(2, 5)]","[(2, 5)]",True,没有语法错误,False,"gold_right, o1mini_wrong",annotation_tc_single_gold_201_wlj_final.json,incorrect_data_tc_gold.json
tc_gold_llmj_invalid,tc,0,1,0,matched,1,187,[3700],"things have come to a point where I may have to relinquish my , %uh parenting .",come,3,ARG1,object,"[(0, 0)]","[(0, 0)]",True,没有语法错误,False,"gold_right, o1mini_wrong",annotation_tc_single_gold_201_wlj_final.json,incorrect_data_tc_gold.json
tc_gold_llmj_invalid,tc,0,1,0,matched,1,188,[3702],"things have come to a point where I may have to relinquish my , %uh parenting .",come,3,ARG2,attribute on arg1,"[(3, 15)]","[(3, 5), (3, 15)]",True,没有语法错误,False,"gold_right, o1mini_wrong",annotation_tc_single_gold_201_wlj_final.json,incorrect_data_tc_gold.json
tc_gold_llmj_invalid,tc,0,0,1,matched,1,189,[519],this place is incredibly easy to break into if you want to .,want,11,ARG1,thing wanted,"[(11, 11)]",[],False,没有语法错误,False,"gold_right, o1mini_wrong",annotation_tc_single_gold_201_wlj_final.json,incorrect_data_tc_gold.json
tc_gold_llmj_invalid,tc,0,0,1,matched,1,190,[516],this place is incredibly easy to break into if you want to .,break,7,ARG1,place/domain broken into,"[(7, 7)]","[(0, 1)]",False,没有语法错误,False,"gold_right, o1mini_wrong",annotation_tc_single_gold_201_wlj_final.json,incorrect_data_tc_gold.json
tc_gold_llmj_invalid,tc,0,1,0,matched,1,191,[1414],we 're going to be in need of some sort of accountant do it cause I have no clue how that all works .,do,13,ARG0,"agent, doer","[(11, 11)]","[(8, 11), (11, 11)]",True,没有语法错误,False,"gold_right, o1mini_wrong",annotation_tc_single_gold_201_wlj_final.json,incorrect_data_tc_gold.json
tc_gold_llmj_invalid,tc,0,0,1,matched,1,192,[1421],we 're going to be in need of some sort of accountant do it cause I have no clue how that all works .,works,23,ARG0,causer,"[(20, 21)]",[],False,没有语法错误,False,"gold_right, o1mini_wrong",annotation_tc_single_gold_201_wlj_final.json,incorrect_data_tc_gold.json
tc_gold_llmj_invalid,tc,0,1,0,matched,1,193,[1334],we have n't really talked about that,talked,5,ARG1,subject,"[(5, 6)]","[(5, 6), (6, 6)]",True,没有语法错误,False,"gold_right, o1mini_wrong",annotation_tc_single_gold_201_wlj_final.json,incorrect_data_tc_gold.json
tc_gold_llmj_invalid,tc,0,1,0,matched,1,194,[1026],"well it seemed to make sense since I had a client to just kind of set up my own company , of sorts .",set,16,ARG1,,"[(17, 22)]","[(17, 19), (17, 22)]",True,没有语法错误,False,"gold_right, o1mini_wrong",annotation_tc_single_gold_201_wlj_final.json,incorrect_data_tc_gold.json
tc_gold_llmj_invalid,tc,0,1,0,matched,1,195,[1018],"well it seemed to make sense since I had a client to just kind of set up my own company , of sorts .",make,5,ARG0,creator,"[(1, 1)]","[(1, 1)]",True,没有语法错误,True,"gold_right, o1mini_wrong",annotation_tc_single_gold_201_wlj_final.json,incorrect_data_tc_gold.json
tc_gold_llmj_invalid,tc,0,1,0,matched,1,196,[1020],"well it seemed to make sense since I had a client to just kind of set up my own company , of sorts .",make,5,ARG1,creation,"[(5, 5)]","[(5, 5)]",True,没有语法错误,True,"gold_right, o1mini_wrong",annotation_tc_single_gold_201_wlj_final.json,incorrect_data_tc_gold.json
tc_gold_llmj_invalid,tc,0,0,1,matched,1,197,[2293],"yeah , Good . an older home that you know Julie is of course carving up and making beautiful . %um",making,18,ARG1,impelled action/ predication,"[(18, 20)]","[(18, 18)]",False,没有语法错误,False,"gold_right, o1mini_wrong",annotation_tc_single_gold_201_wlj_final.json,incorrect_data_tc_gold.json
tc_gold_llmj_invalid,tc,0,0,1,matched,1,198,[755],you can just call her Missus and speak English to her .,speak,8,ARG1,subject,"[(8, 8)]",[],False,没有语法错误,False,"gold_right, o1mini_wrong",annotation_tc_single_gold_201_wlj_final.json,incorrect_data_tc_gold.json
tc_gold_llmj_invalid,tc,0,0,1,matched,1,199,[932],"you know even after you left I said , I just hope Arlita knows that you know I tried my best you know",hope,12,ARG1,thing hoped (for),"[(12, 22)]","[(12, 20)]",False,没有语法错误,False,"gold_right, o1mini_wrong",annotation_tc_single_gold_201_wlj_final.json,incorrect_data_tc_gold.json
tc_gold_llmj_invalid,tc,0,0,1,matched,1,200,[935],"you know even after you left I said , I just hope Arlita knows that you know I tried my best you know",knows,14,ARG1,fact that is known,"[(14, 22)]","[(14, 20), (17, 20)]",False,没有语法错误,False,"gold_right, o1mini_wrong",annotation_tc_single_gold_201_wlj_final.json,incorrect_data_tc_gold.json
tc_gold_llmj_invalid,tc,0,1,0,matched,1,201,[3093],you know what I mean ?,mean,5,ARG1,element containing meaning,"[(2, 2)]","[(2, 2)]",True,没有语法错误,True,"gold_right, o1mini_wrong",annotation_tc_single_gold_201_wlj_final.json,incorrect_data_tc_gold.json
bn_smallmodel_llmj_valid,bn,1,1,1,matched,1,1,[144],A note scribbled by an officer on the Russian nuclear submarine Kursk has revealed that at least 23 of its 118 crewmembers survived the explosions which sank the vessel .,scribbled,3,ARG0,scribbler,"[(3, 5)]","[(3, 5), (4, 5)]",True,没有语法错误,False,"sm_right, o1mini_right(deepseek)",annotations_wlj_smallmodel_163_final.json,correct_data_bn_smallmodel.json
bn_smallmodel_llmj_valid,bn,1,1,1,matched,1,2,[5150],"A split decision for Lamen Khalifa Fhimah , aquittal , but Abdel Basset Ali Al - megrahi found guilty as charged .",charged,21,ARG1,assigned,"[(11, 16)]","[(11, 16)]",True,没有语法错误,False,"sm_right, o1mini_right(deepseek)",annotations_wlj_smallmodel_163_final.json,correct_data_bn_smallmodel.json
bn_smallmodel_llmj_valid,bn,1,1,1,matched,2,4,"[1355, 1361]",All the other ports that have been mentioned here that we should have considered as options have had specific threats .,considered,14,ARG1,entity under consideration,"[(0, 3), (0, 8)]","[(0, 8), (9, 9)]",True,没有语法错误,False,"sm_right, o1mini_right(deepseek)",annotations_wlj_smallmodel_163_final.json,correct_data_bn_smallmodel.json
bn_smallmodel_llmj_valid,bn,1,1,1,matched,2,5,"[1355, 1361]",All the other ports that have been mentioned here that we should have considered as options have had specific threats .,considered,14,ARG1,entity under consideration,"[(0, 3), (0, 8)]","[(0, 8), (9, 9)]",True,没有语法错误,False,"sm_right, o1mini_right(deepseek)",annotations_wlj_smallmodel_163_final.json,correct_data_bn_smallmodel.json
bn_smallmodel_llmj_valid,bn,1,1,1,matched,1,6,[836],All this happening about 90 minutes ago based on the wire reports we 're getting here .,getting,15,ARG1,thing gotten,"[(9, 11)]","[(9, 11)]",True,没有语法错误,False,"sm_right, o1mini_right(deepseek)",annotations_wlj_smallmodel_163_final.json,correct_data_bn_smallmodel.json
bn_smallmodel_llmj_valid,bn,1,1,1,matched,1,8,[3201],And I think perhaps no one more surprised than some of the people running those firms on Wall Street .,think,3,ARG1,Thought,"[(4, 18)]","[(3, 18), (4, 18)]",True,没有语法错误,False,"sm_right, o1mini_right(deepseek)",annotations_wlj_smallmodel_163_final.json,correct_data_bn_smallmodel.json
bn_smallmodel_llmj_valid,bn,1,1,1,matched,2,10,"[5498, 5503]","And one of the longest running struggles for international justice reached a milestone today of sorts , when a Scottish court , meeting in the Netherlands , finally officially found someone guilty in the 1988 bombing that brought down Pan Am Flight 103 .",found,30,ARG0,finder,"[(18, 26), (18, 20)]","[(18, 20), (18, 25)]",True,没有语法错误,False,"sm_right, o1mini_right(deepseek)",annotations_wlj_smallmodel_163_final.json,correct_data_bn_smallmodel.json
bn_smallmodel_llmj_valid,bn,1,1,1,matched,2,11,"[5498, 5503]","And one of the longest running struggles for international justice reached a milestone today of sorts , when a Scottish court , meeting in the Netherlands , finally officially found someone guilty in the 1988 bombing that brought down Pan Am Flight 103 .",found,30,ARG0,finder,"[(18, 26), (18, 20)]","[(18, 20), (18, 25)]",True,没有语法错误,False,"sm_right, o1mini_right(deepseek)",annotations_wlj_smallmodel_163_final.json,correct_data_bn_smallmodel.json
bn_smallmodel_llmj_valid,bn,1,0,0,matched,1,12,[1456],Aristide was elected President for the first time ten years ago and served just months before a military coup sent him into exile in the United States .,sent,20,ARG2,EXT,"[(21, 22)]",[],False,没有语法错误,False,"sm_right, o1mini_right(deepseek)",annotations_wlj_smallmodel_163_final.json,correct_data_bn_smallmodel.json
bn_smallmodel_llmj_valid,bn,1,0,0,matched,1,14,[4248],"As you point out , of course , for the fact of the matter is , the mistakes of Saddam Hussein made possible his removal from power ultimately .",point,3,ARG1,,"[(16, 27)]","[(8, 27)]",False,没有语法错误,False,"sm_right, o1mini_right(deepseek)",annotations_wlj_smallmodel_163_final.json,correct_data_bn_smallmodel.json
bn_smallmodel_llmj_valid,bn,1,0,0,matched,2,15,"[2868, 2872]","California 's utility companies are not able to generate all the power their customers need , so they have turned to outside suppliers and in the face of rising prices the state 's two largest utility firms have sunk more than eight billion dollars in debt .",sunk,39,ARG1,thing sinking,"[(39, 43), (39, 45)]","[(30, 36)]",False,没有语法错误,False,"sm_right, o1mini_right(deepseek)",annotations_wlj_smallmodel_163_final.json,correct_data_bn_smallmodel.json
bn_smallmodel_llmj_valid,bn,1,0,0,matched,1,16,[2869],"California 's utility companies are not able to generate all the power their customers need , so they have turned to outside suppliers and in the face of rising prices the state 's two largest utility firms have sunk more than eight billion dollars in debt .",sunk,39,ARG2,EXT,"[(44, 45)]","[(39, 43), (39, 45)]",False,没有语法错误,False,"sm_right, o1mini_right(deepseek)",annotations_wlj_smallmodel_163_final.json,correct_data_bn_smallmodel.json
bn_smallmodel_llmj_valid,bn,1,0,0,matched,2,17,"[2868, 2872]","California 's utility companies are not able to generate all the power their customers need , so they have turned to outside suppliers and in the face of rising prices the state 's two largest utility firms have sunk more than eight billion dollars in debt .",sunk,39,ARG1,thing sinking,"[(39, 43), (39, 45)]","[(30, 36)]",False,没有语法错误,False,"sm_right, o1mini_right(deepseek)",annotations_wlj_smallmodel_163_final.json,correct_data_bn_smallmodel.json
bn_smallmodel_llmj_valid,bn,1,0,0,matched,1,18,[5782],"Characters proliferate out of the imagination of the narrator so that at a certain point , you have a new he , you have a new she , you have a you , and each one of these characters tells stories , each story of which is designed to give you a deeper sense of the richness and the complexity of life in China .",have,24,ARG0,owner,"[(28, 28)]","[(22, 22)]",False,没有语法错误,False,"sm_right, o1mini_right(deepseek)",annotations_wlj_smallmodel_163_final.json,correct_data_bn_smallmodel.json
bn_smallmodel_llmj_valid,bn,1,0,0,matched,2,20,"[3704, 3707]","China 's population currently stands at 1.26 billion , still the largest in the world , but the paper says that if it were n't for the one child policy that figure would be 300 million higher .",stands,5,ARG2,attribute,"[(5, 14), (5, 15)]","[(5, 7), (6, 7)]",False,没有语法错误,False,"sm_right, o1mini_right(deepseek)",annotations_wlj_smallmodel_163_final.json,correct_data_bn_smallmodel.json
bn_smallmodel_llmj_valid,bn,1,0,0,matched,2,21,"[3704, 3707]","China 's population currently stands at 1.26 billion , still the largest in the world , but the paper says that if it were n't for the one child policy that figure would be 300 million higher .",stands,5,ARG2,attribute,"[(5, 14), (5, 15)]","[(5, 7), (6, 7)]",False,没有语法错误,False,"sm_right, o1mini_right(deepseek)",annotations_wlj_smallmodel_163_final.json,correct_data_bn_smallmodel.json
bn_smallmodel_llmj_valid,bn,1,1,1,matched,1,22,[4151],Deputy Defense Minister Irfan Sneh said this week Israel now has a policy of tracking down Palestinians who attack Israelis .,said,6,ARG1,Utterance,"[(6, 19)]","[(6, 19), (8, 19)]",True,没有语法错误,False,"sm_right, o1mini_right(deepseek)",annotations_wlj_smallmodel_163_final.json,correct_data_bn_smallmodel.json
bn_smallmodel_llmj_valid,bn,1,1,1,matched,1,23,[2266],Electrical resources in the West Coast state are stretched to their limit with a looming threat of rolling blackouts .,stretched,9,ARG2,"EXT or TMP, by how much or until when","[(9, 11)]","[(9, 11), (10, 11)]",True,没有语法错误,False,"sm_right, o1mini_right(deepseek)",annotations_wlj_smallmodel_163_final.json,correct_data_bn_smallmodel.json
bn_smallmodel_llmj_valid,bn,1,0,0,matched,1,24,[45],Front man Amidu Barry may look like he got his moves on the streets of Brooklyn but his critique of post-colonial finger pointing in Africa tells a different story .,got,9,ARG1,thing gotten,"[(9, 15)]","[(9, 10)]",False,没有语法错误,False,"sm_right, o1mini_right(deepseek)",annotations_wlj_smallmodel_163_final.json,correct_data_bn_smallmodel.json
bn_smallmodel_llmj_valid,bn,1,1,1,matched,1,25,[1988],"Gao Xingjian arrived in Stockholm this week and when he leaves the Chinese born writer will have something extra in his suitcase , the Nobel Prize for Literature .",have,17,ARG1,possession,"[(17, 18)]","[(17, 18), (17, 27), (23, 27)]",True,没有语法错误,False,"sm_right, o1mini_right(deepseek)",annotations_wlj_smallmodel_163_final.json,correct_data_bn_smallmodel.json
bn_smallmodel_llmj_valid,bn,1,1,1,matched,1,26,[5555],Give us your insights as to what you think the future holds .,holds,12,ARG1,"contents, attribute","[(6, 6)]","[(6, 6)]",True,没有语法错误,False,"sm_right, o1mini_right(deepseek)",annotations_wlj_smallmodel_163_final.json,correct_data_bn_smallmodel.json
bn_smallmodel_llmj_valid,bn,1,0,0,matched,1,27,[6167],"He had survived , if you will , a death sentence , and now in that new freedom of the life in front of him , he takes to the road in the tradition of old Chinese poets and records what he sees , what he hears , the stories that he is told .",takes,28,ARG0,Taker,"[(41, 41)]","[(26, 26)]",False,没有语法错误,False,"sm_right, o1mini_right(deepseek)",annotations_wlj_smallmodel_163_final.json,correct_data_bn_smallmodel.json
bn_smallmodel_llmj_valid,bn,1,0,0,matched,1,28,[70],His brutal efforts to create a Serb - dominated Yugoslavia earned him the nickname `` Butcher of the Balkans . '',dominated,9,ARG1,entity dominated,"[(5, 9)]","[(9, 9)]",False,没有语法错误,False,"sm_right, o1mini_right(deepseek)",annotations_wlj_smallmodel_163_final.json,correct_data_bn_smallmodel.json
bn_smallmodel_llmj_valid,bn,1,1,1,matched,1,30,[1633],I 'm flipping through the summary of enacts because that is not important .,flipping,3,ARG1,thing flipped,"[(4, 7)]","[(4, 7)]",True,没有语法错误,False,"sm_right, o1mini_right(deepseek)",annotations_wlj_smallmodel_163_final.json,correct_data_bn_smallmodel.json
bn_smallmodel_llmj_valid,bn,1,0,0,matched,1,31,[2208],"I hate these people that go , we 've been married for 56 years and never had a bad word .",hate,2,ARG1,target or hatred,"[(2, 5)]","[(2, 19)]",False,没有语法错误,False,"sm_right, o1mini_right(deepseek)",annotations_wlj_smallmodel_163_final.json,correct_data_bn_smallmodel.json
bn_smallmodel_llmj_valid,bn,1,1,1,matched,1,32,[2378],"I mean if Christy Whitman and the White House were on the same page , I do n't think I 've seen a book large enough to contain a page that big .",mean,2,ARG1,element containing meaning,"[(2, 31)]","[(2, 31)]",True,没有语法错误,False,"sm_right, o1mini_right(deepseek)",annotations_wlj_smallmodel_163_final.json,correct_data_bn_smallmodel.json
bn_smallmodel_llmj_valid,bn,1,1,1,matched,1,33,[4642],"I mean this man took the trip on which the novel was based for political reasons , did he not ?",did,18,ARG0,,"[(18, 18)]","[(18, 18)]",True,没有语法错误,False,"sm_right, o1mini_right(deepseek)",annotations_wlj_smallmodel_163_final.json,correct_data_bn_smallmodel.json
bn_smallmodel_llmj_valid,bn,1,1,1,matched,1,34,[4632],"I mean this man took the trip on which the novel was based for political reasons , did he not ?",took,5,ARG1,thing taken,"[(5, 12)]","[(5, 6), (5, 12)]",True,没有语法错误,False,"sm_right, o1mini_right(deepseek)",annotations_wlj_smallmodel_163_final.json,correct_data_bn_smallmodel.json
bn_smallmodel_llmj_valid,bn,1,1,1,matched,2,35,"[2107, 2111]","I think a number of the reforms that have come via the Sarbanes - Oxley Act and a number of things that we have done at the SEC are basically making everybody take a new look at how they 're performing their duty as a director , how they 're performing their duties on audit committees and compensation committees and in Wall Street .",done,25,ARG1,thing done,"[(17, 20), (20, 20)]","[(17, 20), (21, 21)]",True,没有语法错误,False,"sm_right, o1mini_right(deepseek)",annotations_wlj_smallmodel_163_final.json,correct_data_bn_smallmodel.json
bn_smallmodel_llmj_valid,bn,1,1,1,matched,2,36,"[2107, 2111]","I think a number of the reforms that have come via the Sarbanes - Oxley Act and a number of things that we have done at the SEC are basically making everybody take a new look at how they 're performing their duty as a director , how they 're performing their duties on audit committees and compensation committees and in Wall Street .",done,25,ARG1,thing done,"[(17, 20), (20, 20)]","[(17, 20), (21, 21)]",True,没有语法错误,False,"sm_right, o1mini_right(deepseek)",annotations_wlj_smallmodel_163_final.json,correct_data_bn_smallmodel.json
bn_smallmodel_llmj_valid,bn,1,1,1,matched,1,38,[2137],"I think a number of the reforms that have come via the Sarbanes - Oxley Act and a number of things that we have done at the SEC are basically making everybody take a new look at how they 're performing their duty as a director , how they 're performing their duties on audit committees and compensation committees and in Wall Street .",performing,41,ARG1,"performance, thing performed","[(41, 42)]","[(41, 42), (41, 45)]",True,没有语法错误,False,"sm_right, o1mini_right(deepseek)",annotations_wlj_smallmodel_163_final.json,correct_data_bn_smallmodel.json
bn_smallmodel_llmj_valid,bn,1,0,0,matched,1,42,[6075],"If their intention was to deter us from our mission of promoting peace and security in the Middle East , they will fail utterly .",deter,6,ARG0,"agent, deterer","[(1, 2)]","[(20, 20)]",False,没有语法错误,False,"sm_right, o1mini_right(deepseek)",annotations_wlj_smallmodel_163_final.json,correct_data_bn_smallmodel.json
bn_smallmodel_llmj_valid,bn,1,0,0,matched,1,43,[2685],"If you can stay and make it happen , the place where you was born , where you grew up then try to make it there .",make,24,ARG0,,"[(17, 17)]","[(1, 1)]",False,没有语法错误,False,"sm_right, o1mini_right(deepseek)",annotations_wlj_smallmodel_163_final.json,correct_data_bn_smallmodel.json
bn_smallmodel_llmj_valid,bn,1,0,0,matched,1,44,[2328],"If you want to know what Gao Xingjian is all about , as a thinker and as an artist , our international book critic Christopher Meryl says Gao 's masterpiece is an ideal starting point .",want,3,ARG1,thing wanted,"[(3, 10)]","[(3, 18)]",False,没有语法错误,False,"sm_right, o1mini_right(deepseek)",annotations_wlj_smallmodel_163_final.json,correct_data_bn_smallmodel.json
bn_smallmodel_llmj_valid,bn,1,1,1,matched,1,45,[2452],"In October of 1985 , four hijackers under his command took over the Italian cruise ship `` Achille Lauro '' and killed a wheelchair - bound American tourist , Leo Klinghoffer .",bound,26,ARG1,thing bound,"[(26, 27)]","[(26, 27), (26, 30), (29, 30)]",True,没有语法错误,False,"sm_right, o1mini_right(deepseek)",annotations_wlj_smallmodel_163_final.json,correct_data_bn_smallmodel.json
bn_smallmodel_llmj_valid,bn,1,1,1,matched,1,46,[3082],"In another interview Palestinian leader Yasser Arafat said the Israelis and Palestinians had made real progress Red Sea resort of Taba , but Prime Minister Ehud Barak has suspended contacts with the Palestinians until after the February 6th election .",said,8,ARG1,Utterance,"[(8, 20)]","[(8, 20)]",True,没有语法错误,False,"sm_right, o1mini_right(deepseek)",annotations_wlj_smallmodel_163_final.json,correct_data_bn_smallmodel.json
bn_smallmodel_llmj_valid,bn,1,0,0,matched,1,47,[5242],"In fact he had to burn up an entire suitcase full of hundreds of poems and plays and stories at the start of the Cultural Revolution in fear of going to prison , and then in 1983 after being diagnosed with lung cancer , which had killed his father three years earlier and being convinced that he himself was going to die , he gets a kind of reprieve .",diagnosed,40,ARG1,patient,"[(63, 63)]","[(2, 2)]",False,没有语法错误,False,"sm_right, o1mini_right(deepseek)",annotations_wlj_smallmodel_163_final.json,correct_data_bn_smallmodel.json
bn_smallmodel_llmj_valid,bn,1,0,0,matched,1,49,[3745],"Index Theater is planning a huge comeback now with a series of shows in Belgrade , but even though Milosevic is under de facto house arrest in Belgrade , he is very much present on the repertoire of political humors , says his impersonator , Dragewbo Yubitrich .",says,42,ARG1,Utterance,"[(0, 39)]","[(17, 39), (29, 39)]",False,没有语法错误,False,"sm_right, o1mini_right(deepseek)",annotations_wlj_smallmodel_163_final.json,correct_data_bn_smallmodel.json
bn_smallmodel_llmj_valid,bn,1,1,1,matched,1,50,[5756],It also got past the puppies ' protective father .,got,3,ARG0,causer of motion,"[(0, 0)]","[(0, 0)]",True,没有语法错误,False,"sm_right, o1mini_right(deepseek)",annotations_wlj_smallmodel_163_final.json,correct_data_bn_smallmodel.json
bn_smallmodel_llmj_valid,bn,1,0,0,matched,1,51,[5894],"It is difficult to say , Arab 's summit have traditionally been exercises in division .",exercises,13,ARG2,,"[(13, 14)]",[],False,没有语法错误,False,"sm_right, o1mini_right(deepseek)",annotations_wlj_smallmodel_163_final.json,correct_data_bn_smallmodel.json
bn_smallmodel_llmj_valid,bn,1,1,1,matched,1,53,[3888],It was the last of several speeches he has made in recent weeks to his backers across the country .,speeches,7,ARG0,,"[(7, 7)]","[(7, 7)]",True,没有语法错误,False,"sm_right, o1mini_right(deepseek)",annotations_wlj_smallmodel_163_final.json,correct_data_bn_smallmodel.json
bn_smallmodel_llmj_valid,bn,1,0,0,matched,1,54,[3891],It was the last of several speeches he has made in recent weeks to his backers across the country .,speeches,7,ARG2,,"[(13, 18)]",[],False,没有语法错误,False,"sm_right, o1mini_right(deepseek)",annotations_wlj_smallmodel_163_final.json,correct_data_bn_smallmodel.json
bn_smallmodel_llmj_valid,bn,1,1,1,matched,1,56,[604],"James Drummond , covering the Arab summit in Cairo for the Financial Times .",covering,4,ARG2,,"[(9, 12)]","[(9, 12)]",True,没有语法错误,False,"sm_right, o1mini_right(deepseek)",annotations_wlj_smallmodel_163_final.json,correct_data_bn_smallmodel.json
bn_smallmodel_llmj_valid,bn,1,1,1,matched,1,57,[6199],"Just go to our Website , cnn.com/wolf .",go,2,ARG4,end point,"[(2, 4)]","[(2, 4), (2, 6)]",True,没有语法错误,False,"sm_right, o1mini_right(deepseek)",annotations_wlj_smallmodel_163_final.json,correct_data_bn_smallmodel.json
bn_smallmodel_llmj_valid,bn,1,1,1,matched,1,60,[5202],"Kids are spending $ 50 to $ 70 , you know , a pop on these games .",spending,3,ARG3,"price paid, money","[(3, 7)]","[(3, 7)]",True,没有语法错误,False,"sm_right, o1mini_right(deepseek)",annotations_wlj_smallmodel_163_final.json,correct_data_bn_smallmodel.json
bn_smallmodel_llmj_valid,bn,1,1,1,matched,1,61,[3601],"Late Thursday , Mr. Barak invited Likud opposition leader Ariel Sharon to join him in a government of national emergency .",join,13,ARG2,"second thing, tied to what","[(14, 19)]","[(14, 19)]",True,没有语法错误,False,"sm_right, o1mini_right(deepseek)",annotations_wlj_smallmodel_163_final.json,correct_data_bn_smallmodel.json
bn_smallmodel_llmj_valid,bn,1,0,0,matched,1,62,[485],"Lawyers in Texas are trying to keep their client from becoming the 300th person executed in the state since 1982 , when Texas resumed capital punishment .",becoming,11,ARG2,new state,"[(11, 17)]","[(11, 19)]",False,没有语法错误,False,"sm_right, o1mini_right(deepseek)",annotations_wlj_smallmodel_163_final.json,correct_data_bn_smallmodel.json
bn_smallmodel_llmj_valid,bn,1,1,1,matched,1,64,[638],"Moving ahead now to a developing story , the hunt for so - called smoking gun , meant to prove that Iraq was developing weapons of mass destruction .",called,14,ARG2,"name itself, attribute of arg1","[(14, 15)]","[(14, 15)]",True,没有语法错误,False,"sm_right, o1mini_right(deepseek)",annotations_wlj_smallmodel_163_final.json,correct_data_bn_smallmodel.json
bn_smallmodel_llmj_valid,bn,1,1,1,matched,1,66,[3335],Mr. Clinton promised the gathering at the Norfolk Naval station Wednesday that those who carried out the deadly attack that killed 17 sailors will be found .,promised,3,ARG1,person promised to,"[(3, 9)]","[(3, 4), (3, 9)]",True,没有语法错误,False,"sm_right, o1mini_right(deepseek)",annotations_wlj_smallmodel_163_final.json,correct_data_bn_smallmodel.json
bn_smallmodel_llmj_valid,bn,1,0,0,matched,1,68,[5765],Much more coverage of the new Iraq and --,coverage,3,ARG1,,"[(3, 6)]","[(0, 0)]",False,有语法错误,False,"sm_right, o1mini_right(deepseek)",annotations_wlj_smallmodel_163_final.json,correct_data_bn_smallmodel.json
bn_smallmodel_llmj_valid,bn,1,0,0,matched,1,69,[1187],"Not only can this fellow write , he can paint too , ca n't he ?",paint,10,ARG0,"agent, painter","[(14, 14)]","[(7, 7)]",False,没有语法错误,False,"sm_right, o1mini_right(deepseek)",annotations_wlj_smallmodel_163_final.json,correct_data_bn_smallmodel.json
bn_smallmodel_llmj_valid,bn,1,1,1,matched,1,70,[1100],"Now , with a third season set to start , will Ozzy 's role as a family man change the image in the annuls of heavy metal mad man ?",change,19,ARG1,thing changing,"[(19, 20)]","[(19, 20), (19, 28)]",True,没有语法错误,False,"sm_right, o1mini_right(deepseek)",annotations_wlj_smallmodel_163_final.json,correct_data_bn_smallmodel.json
bn_smallmodel_llmj_valid,bn,1,0,0,matched,1,71,[1387],"One only has to recall the bombing of the US Marine barracks in Lebanon in 1983 , also a month before presidential election , also at a time when Israel was involving suitable ferment at that point in Lebanon now with the Palestinians , where the United States was also attempting actively to provide some stabilizing influence and unfortunately and tragically got caught up in the maelstrom and that seems to be the salient fact of this attack .",recall,5,ARG1,memory,"[(5, 77)]","[(5, 15)]",False,没有语法错误,False,"sm_right, o1mini_right(deepseek)",annotations_wlj_smallmodel_163_final.json,correct_data_bn_smallmodel.json
bn_smallmodel_llmj_valid,bn,1,1,1,matched,1,72,[3318],Ozzy Osbourne 's life filled with incredible highs crashing into devastating lows .,crashing,9,ARG4,,"[(9, 11)]","[(9, 11)]",True,没有语法错误,False,"sm_right, o1mini_right(deepseek)",annotations_wlj_smallmodel_163_final.json,correct_data_bn_smallmodel.json
bn_smallmodel_llmj_valid,bn,1,0,0,matched,1,73,[4504],Palestinians do n't like it .,do,2,ARG0,,"[(0, 0)]",[],False,没有语法错误,False,"sm_right, o1mini_right(deepseek)",annotations_wlj_smallmodel_163_final.json,correct_data_bn_smallmodel.json
bn_smallmodel_llmj_valid,bn,1,0,0,matched,1,74,[2244],President Clinton has pardoned a former leading member of the House of Representatives convicted of corruption charges in 1996 .,pardoned,4,ARG1,guilty party,"[(4, 16)]","[(4, 12), (4, 18)]",False,没有语法错误,False,"sm_right, o1mini_right(deepseek)",annotations_wlj_smallmodel_163_final.json,correct_data_bn_smallmodel.json
bn_smallmodel_llmj_valid,bn,1,1,1,matched,1,75,[1000],"Regarding the United States ' attitude in this regard , we find that the United States until now are supporting Israel .",find,12,ARG1,thing found,"[(12, 20)]","[(12, 20), (13, 20)]",True,没有语法错误,False,"sm_right, o1mini_right(deepseek)",annotations_wlj_smallmodel_163_final.json,correct_data_bn_smallmodel.json
bn_smallmodel_llmj_valid,bn,1,1,1,matched,1,76,[715],"Russia has very little influence with Pakistan , but of course Russia supplies India with 70 % of its military hardware and that was of course the second pillar here of Mr. Putin 's visit , which was to finalize some very substantial arms deals .",finalize,40,ARG0,"agent, entity finalizing something","[(31, 34)]","[(31, 32), (31, 34)]",True,没有语法错误,False,"sm_right, o1mini_right(deepseek)",annotations_wlj_smallmodel_163_final.json,correct_data_bn_smallmodel.json
bn_smallmodel_llmj_valid,bn,1,1,1,matched,1,77,[700],"Russia has very little influence with Pakistan , but of course Russia supplies India with 70 % of its military hardware and that was of course the second pillar here of Mr. Putin 's visit , which was to finalize some very substantial arms deals .",influence,5,ARG0,influencer,"[(0, 0)]","[(0, 0)]",True,没有语法错误,False,"sm_right, o1mini_right(deepseek)",annotations_wlj_smallmodel_163_final.json,correct_data_bn_smallmodel.json
bn_smallmodel_llmj_valid,bn,1,0,0,matched,1,78,[1845],"Russian President was supposed to visit India as early as 97 - 1998 , but of course Boris Yeltsin 's health problems got in the way of that , and then of course , Mr. Yeltsin 's abrupt resignation last year another visit and then the subsequent election campaign and inauguration of Vladimir Putin took some time , so it 's been put off for a couple of years .",took,55,ARG0,requirer,"[(34, 53)]","[(45, 53)]",False,没有语法错误,False,"sm_right, o1mini_right(deepseek)",annotations_wlj_smallmodel_163_final.json,correct_data_bn_smallmodel.json
bn_smallmodel_llmj_valid,bn,1,1,1,matched,2,79,"[729, 730]","Russian and Norwegian divers searched the fourth compartment of the wrecked submarine Kursk , Sunday , but they found too much damage to proceed with the task of recovering bodies .",wrecked,11,ARG1,thing destroyed,"[(11, 12), (12, 12)]","[(11, 12)]",True,没有语法错误,False,"sm_right, o1mini_right(deepseek)",annotations_wlj_smallmodel_163_final.json,correct_data_bn_smallmodel.json
bn_smallmodel_llmj_valid,bn,1,1,1,matched,2,80,"[729, 730]","Russian and Norwegian divers searched the fourth compartment of the wrecked submarine Kursk , Sunday , but they found too much damage to proceed with the task of recovering bodies .",wrecked,11,ARG1,thing destroyed,"[(11, 12), (12, 12)]","[(11, 12)]",True,没有语法错误,False,"sm_right, o1mini_right(deepseek)",annotations_wlj_smallmodel_163_final.json,correct_data_bn_smallmodel.json
bn_smallmodel_llmj_valid,bn,1,1,1,matched,1,81,[4670],She and her daughter Jordan often shuffle through these pictures of him taken before he left .,taken,13,ARG1,thing taken,"[(8, 11)]","[(8, 11)]",True,没有语法错误,False,"sm_right, o1mini_right(deepseek)",annotations_wlj_smallmodel_163_final.json,correct_data_bn_smallmodel.json
bn_smallmodel_llmj_valid,bn,1,1,1,matched,1,83,[4841],"She has no idea where her husband is now , but thanks to a little help from a Delta flight attendant , she knew he got where he was going .",going,30,ARG0,goer,"[(27, 27)]","[(27, 27)]",True,没有语法错误,False,"sm_right, o1mini_right(deepseek)",annotations_wlj_smallmodel_163_final.json,correct_data_bn_smallmodel.json
bn_smallmodel_llmj_valid,bn,1,0,0,matched,1,85,[5571],"Should have taken the side of the rebels then , taken the risk of supporting a Shiite insurrection at that point , helping the Kurds , removing the regime .",taken,11,ARG1,thing taken,"[(11, 17)]","[(11, 28)]",False,没有语法错误,False,"sm_right, o1mini_right(deepseek)",annotations_wlj_smallmodel_163_final.json,correct_data_bn_smallmodel.json
bn_smallmodel_llmj_valid,bn,1,1,1,matched,1,86,[4456],Since then this relationship has grown in importance to us both through good times and bad .,grown,6,ARG2,"amount increased by, EXT or MNR","[(6, 7)]","[(6, 7)]",True,没有语法错误,False,"sm_right, o1mini_right(deepseek)",annotations_wlj_smallmodel_163_final.json,correct_data_bn_smallmodel.json
bn_smallmodel_llmj_valid,bn,1,1,1,matched,1,88,[5279],"Soon after , one of the family 's three chickens flew the coop and took up residence in the crate built especially for the puppies .",built,21,ARG3,,"[(22, 24)]","[(22, 24)]",True,没有语法错误,False,"sm_right, o1mini_right(deepseek)",annotations_wlj_smallmodel_163_final.json,correct_data_bn_smallmodel.json
bn_smallmodel_llmj_valid,bn,1,1,1,matched,1,92,[4308],Thank you James .,Thank,1,ARG1,thanked,"[(1, 2)]","[(1, 1), (1, 2), (2, 2)]",True,没有语法错误,False,"sm_right, o1mini_right(deepseek)",annotations_wlj_smallmodel_163_final.json,correct_data_bn_smallmodel.json
bn_smallmodel_llmj_valid,bn,1,0,0,matched,1,94,[1493],"That 's an old Russian aircraft carrier that India has wanted to get for some time because India only has one other aircraft carrier , and this carrier in particular would allow the Indian Navy to extend its strategic strength much farther than it currently can now .",wanted,11,ARG1,thing wanted,"[(11, 12)]","[(2, 6)]",False,没有语法错误,False,"sm_right, o1mini_right(deepseek)",annotations_wlj_smallmodel_163_final.json,correct_data_bn_smallmodel.json
bn_smallmodel_llmj_valid,bn,1,1,1,matched,1,96,[4132],That being said it could well be the beginning of a new pattern .,said,3,ARG1,Utterance,"[(3, 12)]","[(3, 12)]",True,没有语法错误,False,"sm_right, o1mini_right(deepseek)",annotations_wlj_smallmodel_163_final.json,correct_data_bn_smallmodel.json
bn_smallmodel_llmj_valid,bn,1,0,0,matched,1,98,[3463],"The blast , which occurred just after noon local time in Yemen , ripped a 20 x 40 foot gash in the USS Cole , a state - of - the - art destroyer that had stopped in Aden to refuel before joining the carrier George Washington in the Persian Gulf .",ripped,14,ARG1,entity ripped,"[(14, 50)]","[(21, 23), (21, 33)]",False,没有语法错误,False,"sm_right, o1mini_right(deepseek)",annotations_wlj_smallmodel_163_final.json,correct_data_bn_smallmodel.json
bn_smallmodel_llmj_valid,bn,1,1,1,matched,1,99,[3474],"The blast , which occurred just after noon local time in Yemen , ripped a 20 x 40 foot gash in the USS Cole , a state - of - the - art destroyer that had stopped in Aden to refuel before joining the carrier George Washington in the Persian Gulf .",stopped,37,ARG4,,"[(37, 38)]","[(37, 38)]",True,没有语法错误,False,"sm_right, o1mini_right(deepseek)",annotations_wlj_smallmodel_163_final.json,correct_data_bn_smallmodel.json
bn_smallmodel_llmj_valid,bn,1,1,1,matched,1,101,[4435],"The book is filled with marvelous descriptions of the gorges through which he walks , the mountains that he climbs , indeed the book is called Soul Mountain , the mountain on which he hopes in some way or another to get in touch with his soul , his individual soul , as opposed to that mass kind of soul being enforced upon him by the Communist Chinese authorities , the social realism that the cadres would have him write in .",hopes,35,ARG1,thing hoped (for),"[(40, 50)]","[(40, 50)]",True,没有语法错误,False,"sm_right, o1mini_right(deepseek)",annotations_wlj_smallmodel_163_final.json,correct_data_bn_smallmodel.json
bn_smallmodel_llmj_valid,bn,1,0,0,matched,1,103,[4440],"The book is filled with marvelous descriptions of the gorges through which he walks , the mountains that he climbs , indeed the book is called Soul Mountain , the mountain on which he hopes in some way or another to get in touch with his soul , his individual soul , as opposed to that mass kind of soul being enforced upon him by the Communist Chinese authorities , the social realism that the cadres would have him write in .",get,42,ARG2,attribute of arg1 (not a VP node),"[(42, 50)]","[(52, 68)]",False,没有语法错误,False,"sm_right, o1mini_right(deepseek)",annotations_wlj_smallmodel_163_final.json,correct_data_bn_smallmodel.json
bn_smallmodel_llmj_valid,bn,1,0,0,matched,1,104,[4441],"The book is filled with marvelous descriptions of the gorges through which he walks , the mountains that he climbs , indeed the book is called Soul Mountain , the mountain on which he hopes in some way or another to get in touch with his soul , his individual soul , as opposed to that mass kind of soul being enforced upon him by the Communist Chinese authorities , the social realism that the cadres would have him write in .",get,42,ARG0,,"[(33, 33)]",[],False,没有语法错误,False,"sm_right, o1mini_right(deepseek)",annotations_wlj_smallmodel_163_final.json,correct_data_bn_smallmodel.json
bn_smallmodel_llmj_valid,bn,1,1,1,matched,1,105,[4451],"The book is filled with marvelous descriptions of the gorges through which he walks , the mountains that he climbs , indeed the book is called Soul Mountain , the mountain on which he hopes in some way or another to get in touch with his soul , his individual soul , as opposed to that mass kind of soul being enforced upon him by the Communist Chinese authorities , the social realism that the cadres would have him write in .",write,80,ARG1,thing written,"[(70, 72)]","[(70, 72)]",True,没有语法错误,False,"sm_right, o1mini_right(deepseek)",annotations_wlj_smallmodel_163_final.json,correct_data_bn_smallmodel.json
bn_smallmodel_llmj_valid,bn,1,0,0,matched,1,107,[166],The charges include conspiracy to obstruct justice and perjury connected to an insider trading scandal .,obstruct,6,ARG1,thing obstructed,"[(6, 14)]","[(6, 6)]",False,没有语法错误,False,"sm_right, o1mini_right(deepseek)",annotations_wlj_smallmodel_163_final.json,correct_data_bn_smallmodel.json
bn_smallmodel_llmj_valid,bn,1,0,0,matched,1,108,[3975],"The court ruled this senior Libyan intelligence agent planted the bomb that killed 270 , mostly Americans , when the plane bound for New York exploded over Lockerbie , Scotland .",planted,9,ARG1,entity planted,"[(9, 17)]","[(9, 10), (9, 16)]",False,没有语法错误,False,"sm_right, o1mini_right(deepseek)",annotations_wlj_smallmodel_163_final.json,correct_data_bn_smallmodel.json
bn_smallmodel_llmj_valid,bn,1,1,1,matched,1,109,[6144],The emergency order last week and the extension announced in Denver at a meeting of western governors will keep electricity flowing to California through the middle of next week .,keep,19,ARG1,continued entity,"[(19, 22)]","[(19, 22)]",True,没有语法错误,False,"sm_right, o1mini_right(deepseek)",annotations_wlj_smallmodel_163_final.json,correct_data_bn_smallmodel.json
bn_smallmodel_llmj_valid,bn,1,1,1,matched,1,110,[1485],The federal government will not appeal the court ruling that cleared the way for same - sex unions .,cleared,11,ARG1,thing made clean,"[(11, 12)]","[(11, 12), (11, 17)]",True,没有语法错误,False,"sm_right, o1mini_right(deepseek)",annotations_wlj_smallmodel_163_final.json,correct_data_bn_smallmodel.json
bn_smallmodel_llmj_valid,bn,1,1,1,matched,1,111,[1486],The federal government will not appeal the court ruling that cleared the way for same - sex unions .,cleared,11,ARG3,,"[(13, 17)]","[(13, 17)]",True,没有语法错误,False,"sm_right, o1mini_right(deepseek)",annotations_wlj_smallmodel_163_final.json,correct_data_bn_smallmodel.json
bn_smallmodel_llmj_valid,bn,1,0,0,unmatched_human_item,0,112,[],The government also filed civil charges against her .,charges,6,ARG2,,[],"[(4, 4)]",False,没有语法错误,False,"sm_right, o1mini_right(deepseek)",annotations_wlj_smallmodel_163_final.json,correct_data_bn_smallmodel.json
bn_smallmodel_llmj_valid,bn,1,1,1,matched,1,113,[83],"The knowledge that our lights are the first to light it up , our footprints were the first , our eyes were first to see it .",light,10,ARG0,,"[(3, 4)]","[(3, 4)]",True,没有语法错误,False,"sm_right, o1mini_right(deepseek)",annotations_wlj_smallmodel_163_final.json,correct_data_bn_smallmodel.json
bn_smallmodel_llmj_valid,bn,1,1,1,matched,1,114,[85],"The knowledge that our lights are the first to light it up , our footprints were the first , our eyes were first to see it .",see,25,ARG0,viewer,"[(19, 20)]","[(19, 20)]",True,没有语法错误,False,"sm_right, o1mini_right(deepseek)",annotations_wlj_smallmodel_163_final.json,correct_data_bn_smallmodel.json
bn_smallmodel_llmj_valid,bn,1,0,0,matched,1,115,[1786],"The little town I was in this southern Iraq , as far as I got , I ca n't boast of further , is where the talks took place .",got,15,ARG1,thing in motion,"[(0, 8)]","[(13, 13)]",False,没有语法错误,False,"sm_right, o1mini_right(deepseek)",annotations_wlj_smallmodel_163_final.json,correct_data_bn_smallmodel.json
bn_smallmodel_llmj_valid,bn,1,1,1,matched,1,116,[1787],"The little town I was in this southern Iraq , as far as I got , I ca n't boast of further , is where the talks took place .",got,15,ARG0,causer of motion,"[(13, 13)]","[(13, 13)]",True,没有语法错误,False,"sm_right, o1mini_right(deepseek)",annotations_wlj_smallmodel_163_final.json,correct_data_bn_smallmodel.json
bn_smallmodel_llmj_valid,bn,1,1,1,matched,1,117,[4694],"The people now in the streets are gathering because they feel that not just as Arabs , as human beings , that what is happening in Palestine is not humanitarian .",feel,11,ARG1,belief,"[(11, 29)]","[(11, 29)]",True,没有语法错误,False,"sm_right, o1mini_right(deepseek)",annotations_wlj_smallmodel_163_final.json,correct_data_bn_smallmodel.json
bn_smallmodel_llmj_valid,bn,1,1,1,matched,1,118,[4305],"The report shows the nation 's tight job market is loosening up a bit , but still unemployment is near a 30 - year low .",loosening,11,ARG2,,"[(12, 13)]","[(12, 13)]",True,没有语法错误,False,"sm_right, o1mini_right(deepseek)",annotations_wlj_smallmodel_163_final.json,correct_data_bn_smallmodel.json
bn_smallmodel_llmj_valid,bn,1,1,1,matched,1,119,[4116],The show came back with a vengeance last fall chronicling Ozzy and Sharon dealing with cancer and the kids coping with new - found celebrity and one of the top rated shows .,coping,20,ARG1,coping with,"[(20, 24)]","[(20, 24), (21, 24)]",True,没有语法错误,False,"sm_right, o1mini_right(deepseek)",annotations_wlj_smallmodel_163_final.json,correct_data_bn_smallmodel.json
bn_smallmodel_llmj_valid,bn,1,1,1,matched,1,120,[4346],The two men are charged with murder and conspiracy in connection with the 1988 bombing that killed 270 people .,charged,5,ARG2,role or crime,"[(5, 8)]","[(5, 8), (5, 18)]",True,没有语法错误,False,"sm_right, o1mini_right(deepseek)",annotations_wlj_smallmodel_163_final.json,correct_data_bn_smallmodel.json
bn_smallmodel_llmj_valid,bn,1,0,0,matched,1,121,[5606],There could be no discussion for now about who will have what status in Jerusalem .,have,11,ARG1,possession,"[(11, 12)]","[(11, 14)]",False,没有语法错误,False,"sm_right, o1mini_right(deepseek)",annotations_wlj_smallmodel_163_final.json,correct_data_bn_smallmodel.json
bn_smallmodel_llmj_valid,bn,1,1,1,matched,1,122,[4974],"They have also set up a joint working group on Afghanistan , which is of course a cause of concern for both countries .",set,4,ARG1,,"[(5, 8)]","[(5, 8), (5, 10)]",True,没有语法错误,False,"sm_right, o1mini_right(deepseek)",annotations_wlj_smallmodel_163_final.json,correct_data_bn_smallmodel.json
bn_smallmodel_llmj_valid,bn,1,0,0,matched,1,124,[2896],"They know the utility recently declared a dividend for its stockholders , but Edison 's Tom Higgins says the firm can not continue to pay high prices for electricity while keeping prices low for its customers .",continue,23,ARG1,thing continuing,"[(23, 28)]","[(23, 35)]",False,没有语法错误,False,"sm_right, o1mini_right(deepseek)",annotations_wlj_smallmodel_163_final.json,correct_data_bn_smallmodel.json
bn_smallmodel_llmj_valid,bn,1,1,1,matched,1,126,[2880],"They know the utility recently declared a dividend for its stockholders , but Edison 's Tom Higgins says the firm can not continue to pay high prices for electricity while keeping prices low for its customers .",declared,6,ARG3,,"[(8, 10)]","[(8, 10)]",True,没有语法错误,False,"sm_right, o1mini_right(deepseek)",annotations_wlj_smallmodel_163_final.json,correct_data_bn_smallmodel.json
bn_smallmodel_llmj_valid,bn,1,1,1,matched,1,127,[2884],"They know the utility recently declared a dividend for its stockholders , but Edison 's Tom Higgins says the firm can not continue to pay high prices for electricity while keeping prices low for its customers .",declared,6,ARG2,,"[(8, 10)]","[(8, 10)]",True,没有语法错误,False,"sm_right, o1mini_right(deepseek)",annotations_wlj_smallmodel_163_final.json,correct_data_bn_smallmodel.json
bn_smallmodel_llmj_valid,bn,1,0,0,matched,1,128,[4779],"They say , Okay , we have lost this round , Do you mind if we keep your helicopters in the air just to be able to transport things ? and he says , Yeah , that 's all right .",mind,14,ARG1,bothered by,"[(14, 29)]","[(14, 28)]",False,没有语法错误,False,"sm_right, o1mini_right(deepseek)",annotations_wlj_smallmodel_163_final.json,correct_data_bn_smallmodel.json
bn_smallmodel_llmj_valid,bn,1,1,1,matched,1,129,[4783],"They say , Okay , we have lost this round , Do you mind if we keep your helicopters in the air just to be able to transport things ? and he says , Yeah , that 's all right .",keep,17,ARG2,continued state or action,"[(19, 21)]","[(19, 21)]",True,没有语法错误,False,"sm_right, o1mini_right(deepseek)",annotations_wlj_smallmodel_163_final.json,correct_data_bn_smallmodel.json
bn_smallmodel_llmj_valid,bn,1,1,1,matched,2,130,"[5951, 5955]",This connection to national and musical identities results partly from the fact that many Senegalese artists want to stay in Senegal to live and work says PBS singer Tidia Awadi .,results,8,ARG1,"Theme, prior condition","[(0, 6), (9, 24)]","[(9, 24), (10, 24)]",True,没有语法错误,False,"sm_right, o1mini_right(deepseek)",annotations_wlj_smallmodel_163_final.json,correct_data_bn_smallmodel.json
bn_smallmodel_llmj_valid,bn,1,1,1,matched,2,131,"[5951, 5955]",This connection to national and musical identities results partly from the fact that many Senegalese artists want to stay in Senegal to live and work says PBS singer Tidia Awadi .,results,8,ARG1,"Theme, prior condition","[(0, 6), (9, 24)]","[(9, 24), (10, 24)]",True,没有语法错误,False,"sm_right, o1mini_right(deepseek)",annotations_wlj_smallmodel_163_final.json,correct_data_bn_smallmodel.json
bn_smallmodel_llmj_valid,bn,1,1,1,matched,1,132,[2813],"This is Mr. Clinton 's third visit to Northern Ireland , and the Irish Republic to do what he can to generate a lasting peace .",generate,22,ARG0,creator,"[(18, 18)]","[(2, 3), (18, 18)]",True,没有语法错误,False,"sm_right, o1mini_right(deepseek)",annotations_wlj_smallmodel_163_final.json,correct_data_bn_smallmodel.json
bn_smallmodel_llmj_valid,bn,1,1,1,matched,1,133,[4006],"This song is from their latest play , The Last Train for Serbia , which was recorded on the day protestors stormed the federal parliament in Belgrade and the main television stations .",recorded,17,ARG1,record,"[(8, 12)]","[(4, 6), (4, 12), (8, 12), (14, 14)]",True,没有语法错误,False,"sm_right, o1mini_right(deepseek)",annotations_wlj_smallmodel_163_final.json,correct_data_bn_smallmodel.json
bn_smallmodel_llmj_valid,bn,1,0,0,matched,1,135,[2780],"To those who attacked them , we say you will not find a safe harbor , we will find you and justice will prevail .",say,8,ARG1,Utterance,"[(8, 14)]","[(8, 23)]",False,没有语法错误,False,"sm_right, o1mini_right(deepseek)",annotations_wlj_smallmodel_163_final.json,correct_data_bn_smallmodel.json
bn_smallmodel_llmj_valid,bn,1,0,0,matched,1,136,[439],"Tonight on Israeli television , Prime Minister Barak said we can not go on as if nothing happened , and if the demonstrations do n't stop , Barak 's spokesman said Israel will continue to use live ammunition .",said,9,ARG1,Utterance,"[(9, 37)]","[(9, 17)]",False,没有语法错误,False,"sm_right, o1mini_right(deepseek)",annotations_wlj_smallmodel_163_final.json,correct_data_bn_smallmodel.json
bn_smallmodel_llmj_valid,bn,1,1,1,matched,1,137,[5418],US Energy Secretary Bill Richardson has extended an emergency order to keep electricity flowing to California .,keep,12,ARG0,causer of continued action,"[(7, 9)]","[(7, 9)]",True,没有语法错误,False,"sm_right, o1mini_right(deepseek)",annotations_wlj_smallmodel_163_final.json,correct_data_bn_smallmodel.json
bn_smallmodel_llmj_valid,bn,1,1,1,matched,1,138,[5424],US Energy Secretary Bill Richardson has extended an emergency order to keep electricity flowing to California .,flowing,14,ARG4,,"[(14, 15)]","[(14, 15)]",True,没有语法错误,False,"sm_right, o1mini_right(deepseek)",annotations_wlj_smallmodel_163_final.json,correct_data_bn_smallmodel.json
bn_smallmodel_llmj_valid,bn,1,1,1,matched,1,139,[5411],US Energy Secretary Bill Richardson has extended an emergency order to keep electricity flowing to California .,extended,7,ARG1,"patient, thing getting longer","[(7, 9)]","[(7, 9)]",True,没有语法错误,False,"sm_right, o1mini_right(deepseek)",annotations_wlj_smallmodel_163_final.json,correct_data_bn_smallmodel.json
bn_smallmodel_llmj_valid,bn,1,1,1,matched,1,140,[4754],Up next a global hip - hop beat laid down in New York and danced to in the West African nation of Senegal .,laid,9,ARG2,location,"[(10, 12)]","[(10, 12)]",True,没有语法错误,False,"sm_right, o1mini_right(deepseek)",annotations_wlj_smallmodel_163_final.json,correct_data_bn_smallmodel.json
bn_smallmodel_llmj_valid,bn,1,0,0,matched,1,141,[2164],"We 're all getting , this news in from the speech that the Homeland Security Secretary Tom Ridge is expected to be delivering at the international press club around 1:00 Eastern at the top of the hour .",getting,4,ARG1,thing gotten,"[(5, 36)]","[(5, 6), (12, 36)]",False,没有语法错误,False,"sm_right, o1mini_right(deepseek)",annotations_wlj_smallmodel_163_final.json,correct_data_bn_smallmodel.json
bn_smallmodel_llmj_valid,bn,1,0,0,matched,1,142,[1569],"We are still in crisis and we will be I think for a while , but the current crisis Jonetic hopes will at least be one where government critics will not be branded as traitors and be banned from public performances .",performances,41,ARG2,,"[(39, 39)]",[],False,没有语法错误,False,"sm_right, o1mini_right(deepseek)",annotations_wlj_smallmodel_163_final.json,correct_data_bn_smallmodel.json
bn_smallmodel_llmj_valid,bn,1,0,0,matched,1,143,[953],We do n't print money in the basement .,do,2,ARG0,,"[(0, 0)]",[],False,没有语法错误,False,"sm_right, o1mini_right(deepseek)",annotations_wlj_smallmodel_163_final.json,correct_data_bn_smallmodel.json
bn_smallmodel_llmj_valid,bn,1,1,1,matched,1,144,[1346],"We have the pictures coming in from Central Florida , News 13 .",coming,5,ARG3,start point,"[(6, 8)]","[(6, 8)]",True,没有语法错误,False,"sm_right, o1mini_right(deepseek)",annotations_wlj_smallmodel_163_final.json,correct_data_bn_smallmodel.json
bn_smallmodel_llmj_valid,bn,1,1,1,matched,1,145,[4566],We just felt he understands how to reach people and how to reach kids .,reach,13,ARG0,reacher,"[(3, 3)]","[(3, 3)]",True,没有语法错误,False,"sm_right, o1mini_right(deepseek)",annotations_wlj_smallmodel_163_final.json,correct_data_bn_smallmodel.json
bn_smallmodel_llmj_valid,bn,1,0,0,matched,1,147,[191],"Well , the work that we have so far in English translation suggests that , and indeed this novel , which is a celebration as well of the self of the individual , goes so far as to even divide up to the self .",suggests,13,ARG1,Utterance (suggestion),"[(13, 43)]","[(15, 43)]",False,没有语法错误,False,"sm_right, o1mini_right(deepseek)",annotations_wlj_smallmodel_163_final.json,correct_data_bn_smallmodel.json
bn_smallmodel_llmj_valid,bn,1,0,0,matched,1,148,[197],"Well , the work that we have so far in English translation suggests that , and indeed this novel , which is a celebration as well of the self of the individual , goes so far as to even divide up to the self .",divide,40,ARG1,separated entity,"[(17, 32)]","[(17, 18), (17, 31), (42, 43)]",False,没有语法错误,False,"sm_right, o1mini_right(deepseek)",annotations_wlj_smallmodel_163_final.json,correct_data_bn_smallmodel.json
bn_smallmodel_llmj_valid,bn,1,1,1,matched,1,149,[5378],"When American saxophonist David Murray recorded his acclaimed afrocentric jazz album , Fo Juke Review in Dakar , he recruited Amidu Berry and DJ Awadi from PBS to show what an edge West African music can really have .",recruited,20,ARG1,recruit,"[(20, 24)]","[(20, 24), (20, 26)]",True,没有语法错误,False,"sm_right, o1mini_right(deepseek)",annotations_wlj_smallmodel_163_final.json,correct_data_bn_smallmodel.json
bn_smallmodel_llmj_valid,bn,1,0,0,matched,1,150,[5384],"When American saxophonist David Murray recorded his acclaimed afrocentric jazz album , Fo Juke Review in Dakar , he recruited Amidu Berry and DJ Awadi from PBS to show what an edge West African music can really have .",have,38,ARG1,possession,"[(30, 31)]","[(29, 31)]",False,没有语法错误,False,"sm_right, o1mini_right(deepseek)",annotations_wlj_smallmodel_163_final.json,correct_data_bn_smallmodel.json
bn_smallmodel_llmj_valid,bn,1,1,1,matched,1,153,[2241],"When they made the decision not to move toward Bagdad with bad information , namely , the Republican Guard absolutely devastated .",devastated,21,ARG1,thing destroyed,"[(16, 18)]","[(16, 18)]",True,没有语法错误,False,"sm_right, o1mini_right(deepseek)",annotations_wlj_smallmodel_163_final.json,correct_data_bn_smallmodel.json
bn_smallmodel_llmj_valid,bn,1,1,1,matched,1,154,[2235],"When they made the decision not to move toward Bagdad with bad information , namely , the Republican Guard absolutely devastated .",move,8,ARG2,destination,"[(8, 9)]","[(8, 9)]",True,没有语法错误,False,"sm_right, o1mini_right(deepseek)",annotations_wlj_smallmodel_163_final.json,correct_data_bn_smallmodel.json
bn_smallmodel_llmj_valid,bn,1,0,0,matched,1,155,[3928],"While U.S. forces still have n't found any weapons of mass destruction , the new CIA Pentagon report says officials are now confident the mysterious trucks filled with high - tech equipment found in Iraq are indeed mobile biological weapons production facilities , just as Secretary of State Powell predicted and presented the United Nations before the war .",filled,27,ARG2,substance,"[(27, 34)]","[(27, 31)]",False,没有语法错误,False,"sm_right, o1mini_right(deepseek)",annotations_wlj_smallmodel_163_final.json,correct_data_bn_smallmodel.json
bn_smallmodel_llmj_valid,bn,1,0,0,matched,1,156,[3931],"While U.S. forces still have n't found any weapons of mass destruction , the new CIA Pentagon report says officials are now confident the mysterious trucks filled with high - tech equipment found in Iraq are indeed mobile biological weapons production facilities , just as Secretary of State Powell predicted and presented the United Nations before the war .",found,33,ARG1,thing found,"[(28, 31)]","[(23, 31)]",False,没有语法错误,False,"sm_right, o1mini_right(deepseek)",annotations_wlj_smallmodel_163_final.json,correct_data_bn_smallmodel.json
bn_smallmodel_llmj_valid,bn,1,1,1,matched,1,157,[2924],"While both the Pentagon and the Justice Department today dispatched teams of experts to Yemen to investigate the explosion , Secretary of State Madeleine Albright urged caution saying it was too early to jump to any conclusions .",dispatched,10,ARG4,,"[(13, 14)]","[(13, 14)]",True,没有语法错误,False,"sm_right, o1mini_right(deepseek)",annotations_wlj_smallmodel_163_final.json,correct_data_bn_smallmodel.json
bn_smallmodel_llmj_valid,bn,1,1,1,matched,1,158,[5457],"While the Gore menu remains a family secret , the Bush clan all to happy to share some of his favorite fare -- jalapeno pecan cornbread stuffing and coconut cake .",share,17,ARG0,sharer,"[(9, 11)]","[(9, 11)]",True,没有语法错误,False,"sm_right, o1mini_right(deepseek)",annotations_wlj_smallmodel_163_final.json,correct_data_bn_smallmodel.json
bn_smallmodel_llmj_valid,bn,1,0,0,matched,1,160,[4084],"You have also expressed concern about excessive executive compensation , particularly CEO compensation .",compensation,13,ARG1,,"[(11, 11)]",[],False,没有语法错误,False,"sm_right, o1mini_right(deepseek)",annotations_wlj_smallmodel_163_final.json,correct_data_bn_smallmodel.json
bn_smallmodel_llmj_valid,bn,1,0,0,matched,1,161,[4080],"You have also expressed concern about excessive executive compensation , particularly CEO compensation .",compensation,9,ARG1,,"[(7, 7)]",[],False,没有语法错误,False,"sm_right, o1mini_right(deepseek)",annotations_wlj_smallmodel_163_final.json,correct_data_bn_smallmodel.json
bn_smallmodel_llmj_valid,bn,1,0,0,matched,1,162,[1049],"You know , as a music lover that I am , there 's five acts all playing at the same time on five different stages that I want to see .",playing,17,ARG0,player,"[(13, 14)]",[],False,没有语法错误,False,"sm_right, o1mini_right(deepseek)",annotations_wlj_smallmodel_163_final.json,correct_data_bn_smallmodel.json
bn_smallmodel_llmj_valid,bn,1,0,0,matched,1,63,[634],"Moving ahead now to a developing story , the hunt for so - called smoking gun , meant to prove that Iraq was developing weapons of mass destruction .",Moving,1,ARG1,moved,"[(3, 27)]",[],False,没有语法错误,False,"sm_right, o1mini_right(deepseek)",annotations_wlj_smallmodel_163_final.json,correct_data_bn_smallmodel.json
bn_smallmodel_llmj_valid,bn,1,0,0,matched,1,87,[4284],"So before they say it is a white man tangle you know it 's because of a white man that this happens and they got to , you know , check around and they say who is the real guilty .",know,12,ARG1,fact that is known,"[(12, 31)]",[],False,没有语法错误,False,"sm_right, o1mini_right(deepseek)",annotations_wlj_smallmodel_163_final.json,correct_data_bn_smallmodel.json
tc_smallmodel_llmj_valid,tc,1,1,1,matched,1,1,[2362],"%ah , you know I would n't trust it because it 's so complicated with this international garbage or else the Turbo Tax with the Dutch modules . that I just would n't trust it .",trust,34,ARG0,truster,"[(29, 29)]","[(29, 29)]",True,没有语法错误,False,"sm_right, o1mini_right",annotation_tc_smallmodel_removerepeate_322_wlj_final.json,correct_data_tc_smallmodel.json
tc_smallmodel_llmj_valid,tc,1,1,1,matched,1,2,[7177],"%eh %eh You know , %um Well , she said that she was .",said,10,ARG0,Sayer,"[(8, 8)]","[(8, 8)]",True,没有语法错误,False,"sm_right, o1mini_right",annotation_tc_smallmodel_removerepeate_322_wlj_final.json,correct_data_tc_smallmodel.json
tc_smallmodel_llmj_valid,tc,1,1,1,matched,1,3,[91],"%uh , and mom said ,",said,5,ARG0,Sayer,"[(3, 3)]","[(3, 3)]",True,没有语法错误,False,"sm_right, o1mini_right",annotation_tc_smallmodel_removerepeate_322_wlj_final.json,correct_data_tc_smallmodel.json
tc_smallmodel_llmj_valid,tc,1,1,1,matched,1,4,[4066],"%uh I mean if they denied my citizenship and I became a citizen here I probably would n't be a horror either ,",mean,3,ARG1,element containing meaning,"[(3, 21)]","[(3, 21)]",True,没有语法错误,False,"sm_right, o1mini_right",annotation_tc_smallmodel_removerepeate_322_wlj_final.json,correct_data_tc_smallmodel.json
tc_smallmodel_llmj_valid,tc,1,1,1,matched,1,5,[1587],"%uh but it 's a lot less expensive if we do it that way than if we actually make my parents in law pay it ,",make,19,ARG0,impeller to action,"[(16, 16)]","[(16, 16)]",True,没有语法错误,False,"sm_right, o1mini_right",annotation_tc_smallmodel_removerepeate_322_wlj_final.json,correct_data_tc_smallmodel.json
tc_smallmodel_llmj_valid,tc,1,1,1,matched,1,6,[1594],"%uh but it 's a lot less expensive if we do it that way than if we actually make my parents in law pay it ,",pay,24,ARG0,payer or buyer,"[(19, 22)]","[(19, 22)]",True,没有语法错误,False,"sm_right, o1mini_right",annotation_tc_smallmodel_removerepeate_322_wlj_final.json,correct_data_tc_smallmodel.json
tc_smallmodel_llmj_valid,tc,1,1,1,matched,1,7,[6246],%uh you know I just want her to understand everything that has happened in the last several years yeah . and things like that .,want,6,ARG0,Wanter,"[(3, 3)]","[(3, 3)]",True,没有语法错误,False,"sm_right, o1mini_right",annotation_tc_smallmodel_removerepeate_322_wlj_final.json,correct_data_tc_smallmodel.json
tc_smallmodel_llmj_valid,tc,1,1,1,matched,1,8,[7609],"%um , %um , but you know I feel very at peace about everything .",know,7,ARG1,fact that is known,"[(7, 13)]","[(7, 13)]",True,没有语法错误,False,"sm_right, o1mini_right",annotation_tc_smallmodel_removerepeate_322_wlj_final.json,correct_data_tc_smallmodel.json
tc_smallmodel_llmj_valid,tc,1,1,1,matched,1,9,[4701],"%um , and it got back to about eighty percent .",got,5,ARG1,thing in motion,"[(3, 3)]","[(3, 3)]",True,没有语法错误,False,"sm_right, o1mini_right",annotation_tc_smallmodel_removerepeate_322_wlj_final.json,correct_data_tc_smallmodel.json
tc_smallmodel_llmj_valid,tc,1,0,0,matched,1,10,[4703],"%um , and it got back to about eighty percent .",got,5,ARG4,,"[(6, 9)]",[],False,没有语法错误,False,"sm_right, o1mini_right",annotation_tc_smallmodel_removerepeate_322_wlj_final.json,correct_data_tc_smallmodel.json
tc_smallmodel_llmj_valid,tc,1,1,1,matched,2,11,"[5277, 5281]","%um , but Leo and Julie just seemed , %um sort of happy with the decisions they 've made .",seemed,8,ARG1,thing seeming,"[(3, 5), (9, 18)]","[(3, 5), (10, 18)]",True,没有语法错误,False,"sm_right, o1mini_right",annotation_tc_smallmodel_removerepeate_322_wlj_final.json,correct_data_tc_smallmodel.json
tc_smallmodel_llmj_valid,tc,1,1,1,matched,1,12,[3052],%um and I 'll sit and talk with Anya about some things that maybe we think that it would be neat for you to see .,see,25,ARG1,thing viewed,"[(10, 11)]","[(10, 11)]",True,没有语法错误,False,"sm_right, o1mini_right",annotation_tc_smallmodel_removerepeate_322_wlj_final.json,correct_data_tc_smallmodel.json
tc_smallmodel_llmj_valid,tc,1,1,1,matched,1,13,[3027],%um and I 'll sit and talk with Anya about some things that maybe we think that it would be neat for you to see .,sit,5,ARG1,thing sitting,"[(2, 2)]","[(2, 2)]",True,没有语法错误,False,"sm_right, o1mini_right",annotation_tc_smallmodel_removerepeate_322_wlj_final.json,correct_data_tc_smallmodel.json
tc_smallmodel_llmj_valid,tc,1,1,1,matched,1,14,[3037],%um and I 'll sit and talk with Anya about some things that maybe we think that it would be neat for you to see .,talk,7,ARG0,talker,"[(2, 2)]","[(2, 2)]",True,没有语法错误,False,"sm_right, o1mini_right",annotation_tc_smallmodel_removerepeate_322_wlj_final.json,correct_data_tc_smallmodel.json
tc_smallmodel_llmj_valid,tc,1,1,1,matched,1,15,[5436],%um and I keep thinking maybe I 'd get in touch,thinking,5,ARG0,Thinker,"[(2, 2)]","[(2, 2)]",True,没有语法错误,False,"sm_right, o1mini_right",annotation_tc_smallmodel_removerepeate_322_wlj_final.json,correct_data_tc_smallmodel.json
tc_smallmodel_llmj_valid,tc,1,1,1,matched,1,16,[8689],"%um and again my husband said we were going to give it a month , you know and said he was even going to have to sheik pray over her , you know for the jen .",said,19,ARG1,Utterance,"[(19, 29)]","[(19, 29), (19, 35)]",True,没有语法错误,False,"sm_right, o1mini_right",annotation_tc_smallmodel_removerepeate_322_wlj_final.json,correct_data_tc_smallmodel.json
tc_smallmodel_llmj_valid,tc,1,0,0,matched,1,17,[8704],"%um and again my husband said we were going to give it a month , you know and said he was even going to have to sheik pray over her , you know for the jen .",pray,28,ARG0,pray-er,"[(19, 19)]","[(26, 26)]",False,没有语法错误,False,"sm_right, o1mini_right",annotation_tc_smallmodel_removerepeate_322_wlj_final.json,correct_data_tc_smallmodel.json
tc_smallmodel_llmj_valid,tc,1,1,1,matched,1,18,[8262],%um she will become the legal guardian and that %um,become,4,ARG2,new state,"[(4, 6)]","[(4, 6)]",True,没有语法错误,False,"sm_right, o1mini_right",annotation_tc_smallmodel_removerepeate_322_wlj_final.json,correct_data_tc_smallmodel.json
tc_smallmodel_llmj_valid,tc,1,1,1,matched,1,19,[1158],-- and she 's telling me about you know her sister 's wedding .,know,9,ARG1,fact that is known,"[(9, 12)]","[(9, 12)]",True,没有语法错误,False,"sm_right, o1mini_right",annotation_tc_smallmodel_removerepeate_322_wlj_final.json,correct_data_tc_smallmodel.json
tc_smallmodel_llmj_valid,tc,1,0,0,matched,1,20,[3156],Actually in the first week I was here -- mhm . -- I gained a lot,gained,14,ARG1,thing acquired,"[(14, 15)]",[],False,没有语法错误,False,"sm_right, o1mini_right",annotation_tc_smallmodel_removerepeate_322_wlj_final.json,correct_data_tc_smallmodel.json
tc_smallmodel_llmj_valid,tc,1,1,1,matched,1,21,[863],"Alice , I 've never seen anybody eat as much as he does",does,13,ARG0,,"[(11, 11)]","[(11, 11)]",True,没有语法错误,False,"sm_right, o1mini_right",annotation_tc_smallmodel_removerepeate_322_wlj_final.json,correct_data_tc_smallmodel.json
tc_smallmodel_llmj_valid,tc,1,1,1,matched,1,22,[9001],Alita she said this little girl has a serious problem .,said,3,ARG1,Utterance,"[(3, 9)]","[(3, 9)]",True,没有语法错误,False,"sm_right, o1mini_right",annotation_tc_smallmodel_removerepeate_322_wlj_final.json,correct_data_tc_smallmodel.json
tc_smallmodel_llmj_valid,tc,1,1,1,matched,1,23,[3288],"And %uh With a pretty simple model you can find that frequency in a transient ,",find,10,ARG1,thing found,"[(10, 14)]","[(10, 14)]",True,没有语法错误,False,"sm_right, o1mini_right",annotation_tc_smallmodel_removerepeate_322_wlj_final.json,correct_data_tc_smallmodel.json
tc_smallmodel_llmj_valid,tc,1,1,1,matched,1,24,[7277],"And , then things seemed to be doing pretty well ,",seemed,5,ARG1,thing seeming,"[(3, 3)]","[(3, 3), (6, 9)]",True,没有语法错误,False,"sm_right, o1mini_right",annotation_tc_smallmodel_removerepeate_322_wlj_final.json,correct_data_tc_smallmodel.json
tc_smallmodel_llmj_valid,tc,1,0,0,matched,1,25,[7283],"And , then things seemed to be doing pretty well ,",doing,8,ARG0,"agent, doer","[(3, 3)]",[],False,没有语法错误,False,"sm_right, o1mini_right",annotation_tc_smallmodel_removerepeate_322_wlj_final.json,correct_data_tc_smallmodel.json
tc_smallmodel_llmj_valid,tc,1,1,1,matched,1,26,[4447],And I 'm actually waiting for Claudia to show up because we were supposed to go into town and meet some people in town .,supposed,14,ARG1,thing seeming,"[(11, 11)]","[(11, 11)]",True,没有语法错误,False,"sm_right, o1mini_right",annotation_tc_smallmodel_removerepeate_322_wlj_final.json,correct_data_tc_smallmodel.json
tc_smallmodel_llmj_valid,tc,1,1,1,matched,1,27,[8593],"And I do n't know how much you know about scientific literature ,",know,5,ARG0,knower,"[(1, 1)]","[(1, 1)]",True,没有语法错误,False,"sm_right, o1mini_right",annotation_tc_smallmodel_removerepeate_322_wlj_final.json,correct_data_tc_smallmodel.json
tc_smallmodel_llmj_valid,tc,1,1,1,matched,1,28,[5290],"And I was like , well I 've been telling you that Neil .",telling,10,ARG1,Utterance,"[(11, 12)]","[(11, 12)]",True,没有语法错误,False,"sm_right, o1mini_right",annotation_tc_smallmodel_removerepeate_322_wlj_final.json,correct_data_tc_smallmodel.json
tc_smallmodel_llmj_valid,tc,1,1,1,matched,1,29,[4709],"And Neil kept writing back that I should tone this part of the thesis down that You know , people see the anti phased motion ,",kept,3,ARG1,continued entity,"[(3, 4)]","[(3, 4)]",True,没有语法错误,False,"sm_right, o1mini_right",annotation_tc_smallmodel_removerepeate_322_wlj_final.json,correct_data_tc_smallmodel.json
tc_smallmodel_llmj_valid,tc,1,0,0,matched,1,30,[4718],"And Neil kept writing back that I should tone this part of the thesis down that You know , people see the anti phased motion ,",writing,4,ARG1,thing written,"[(5, 25)]","[(5, 24)]",False,没有语法错误,False,"sm_right, o1mini_right",annotation_tc_smallmodel_removerepeate_322_wlj_final.json,correct_data_tc_smallmodel.json
tc_smallmodel_llmj_valid,tc,1,1,1,matched,1,31,[9096],And he just keeps forgetting .,keeps,4,ARG0,causer of continued action,"[(1, 1)]","[(1, 1)]",True,没有语法错误,False,"sm_right, o1mini_right",annotation_tc_smallmodel_removerepeate_322_wlj_final.json,correct_data_tc_smallmodel.json
tc_smallmodel_llmj_valid,tc,1,1,1,matched,1,32,[2909],And if it gets irritated take some pills and stuff .,gets,4,ARG1,thing,"[(2, 2)]","[(2, 2)]",True,没有语法错误,False,"sm_right, o1mini_right",annotation_tc_smallmodel_removerepeate_322_wlj_final.json,correct_data_tc_smallmodel.json
tc_smallmodel_llmj_valid,tc,1,1,1,matched,1,33,[2918],And if it gets irritated take some pills and stuff .,take,6,ARG1,thing taken,"[(6, 9)]","[(6, 9)]",True,没有语法错误,False,"sm_right, o1mini_right",annotation_tc_smallmodel_removerepeate_322_wlj_final.json,correct_data_tc_smallmodel.json
tc_smallmodel_llmj_valid,tc,1,1,1,matched,1,34,[372],"And if you do , I 'll send it by email okay if I get it before this weekend",do,4,ARG0,,"[(2, 2)]","[(2, 2)]",True,没有语法错误,True,"sm_right, o1mini_right",annotation_tc_smallmodel_removerepeate_322_wlj_final.json,correct_data_tc_smallmodel.json
tc_smallmodel_llmj_valid,tc,1,1,1,matched,1,35,[108],"And it was a very nice letter , because it sounded like she went through very similar things that I did .",went,14,ARG0,,"[(12, 12)]","[(12, 12)]",True,没有语法错误,False,"sm_right, o1mini_right",annotation_tc_smallmodel_removerepeate_322_wlj_final.json,correct_data_tc_smallmodel.json
tc_smallmodel_llmj_valid,tc,1,1,1,matched,1,36,[118],"And it was a very nice letter , because it sounded like she went through very similar things that I did .",did,21,ARG0,,"[(19, 19)]","[(19, 19)]",True,没有语法错误,False,"sm_right, o1mini_right",annotation_tc_smallmodel_removerepeate_322_wlj_final.json,correct_data_tc_smallmodel.json
tc_smallmodel_llmj_valid,tc,1,1,1,matched,1,37,[7422],"And one of the things that they find experimentally are what they call anti phased , %uh , states , where if you look at the total intensity uh-huh . of the laser , you get an oscillation which is characterized by one frequency .",characterized,41,ARG2,"secondary attribute, described-as","[(41, 43)]","[(41, 43)]",True,没有语法错误,False,"sm_right, o1mini_right",annotation_tc_smallmodel_removerepeate_322_wlj_final.json,correct_data_tc_smallmodel.json
tc_smallmodel_llmj_valid,tc,1,1,1,matched,1,38,[7380],"And one of the things that they find experimentally are what they call anti phased , %uh , states , where if you look at the total intensity uh-huh . of the laser , you get an oscillation which is characterized by one frequency .",find,8,ARG1,thing found,"[(3, 4)]","[(1, 4), (3, 4)]",True,没有语法错误,False,"sm_right, o1mini_right",annotation_tc_smallmodel_removerepeate_322_wlj_final.json,correct_data_tc_smallmodel.json
tc_smallmodel_llmj_valid,tc,1,0,0,matched,1,39,[1423],And she was just really concerned about you know everything . mhm you know . What the possibilities of like,know,14,ARG1,fact that is known,"[(15, 19)]",[],False,有语法错误,False,"sm_right, o1mini_right",annotation_tc_smallmodel_removerepeate_322_wlj_final.json,correct_data_tc_smallmodel.json
tc_smallmodel_llmj_valid,tc,1,0,0,matched,1,40,[1416],And she was just really concerned about you know everything . mhm you know . What the possibilities of like,know,9,ARG0,knower,"[(12, 12)]","[(7, 7)]",False,没有语法错误,True,"sm_right, o1mini_right",annotation_tc_smallmodel_removerepeate_322_wlj_final.json,correct_data_tc_smallmodel.json
tc_smallmodel_llmj_valid,tc,1,1,1,matched,1,41,[1417],And she was just really concerned about you know everything . mhm you know . What the possibilities of like,know,9,ARG1,fact that is known,"[(9, 9)]","[(9, 9)]",True,没有语法错误,True,"sm_right, o1mini_right",annotation_tc_smallmodel_removerepeate_322_wlj_final.json,correct_data_tc_smallmodel.json
tc_smallmodel_llmj_valid,tc,1,0,0,matched,1,42,[8612],"And she went from Penn , %um To Columbia . to Columbia to U R I .",went,3,ARG4,end point,"[(7, 8)]","[(12, 15)]",False,没有语法错误,False,"sm_right, o1mini_right",annotation_tc_smallmodel_removerepeate_322_wlj_final.json,correct_data_tc_smallmodel.json
tc_smallmodel_llmj_valid,tc,1,1,1,matched,1,43,[7813],And then an aunt of Chris 's Aunt Mamie up in Maine passed away .,passed,13,ARG1,,"[(2, 11)]","[(2, 8), (2, 11), (8, 8)]",True,没有语法错误,False,"sm_right, o1mini_right",annotation_tc_smallmodel_removerepeate_322_wlj_final.json,correct_data_tc_smallmodel.json
tc_smallmodel_llmj_valid,tc,1,1,1,matched,1,44,[6635],And then you know before he leaves every morning he has like two fried eggs mhm on toast with cheese %um vegetarian sausages %um and like fruit,has,11,ARG1,possession,"[(11, 26)]","[(11, 26)]",True,没有语法错误,False,"sm_right, o1mini_right",annotation_tc_smallmodel_removerepeate_322_wlj_final.json,correct_data_tc_smallmodel.json
tc_smallmodel_llmj_valid,tc,1,1,1,matched,2,45,"[6614, 6618]",And then you know before he leaves every morning he has like two fried eggs mhm on toast with cheese %um vegetarian sausages %um and like fruit,know,4,ARG1,fact that is known,"[(9, 26), (4, 26)]","[(4, 26)]",True,没有语法错误,True,"sm_right, o1mini_right",annotation_tc_smallmodel_removerepeate_322_wlj_final.json,correct_data_tc_smallmodel.json
tc_smallmodel_llmj_valid,tc,1,1,1,matched,1,46,[6285],And this made writing my thesis very annoying because you know there was n't much discussion .,know,11,ARG1,fact that is known,"[(11, 15)]","[(11, 15)]",True,没有语法错误,True,"sm_right, o1mini_right",annotation_tc_smallmodel_removerepeate_322_wlj_final.json,correct_data_tc_smallmodel.json
tc_smallmodel_llmj_valid,tc,1,1,1,matched,1,47,[6275],And this made writing my thesis very annoying because you know there was n't much discussion .,made,3,ARG1,impelled action/ predication,"[(3, 7)]","[(3, 7)]",True,没有语法错误,False,"sm_right, o1mini_right",annotation_tc_smallmodel_removerepeate_322_wlj_final.json,correct_data_tc_smallmodel.json
tc_smallmodel_llmj_valid,tc,1,1,1,matched,1,48,[129],And you know my sister was n't that old,know,3,ARG1,fact that is known,"[(3, 8)]","[(3, 8)]",True,没有语法错误,False,"sm_right, o1mini_right",annotation_tc_smallmodel_removerepeate_322_wlj_final.json,correct_data_tc_smallmodel.json
tc_smallmodel_llmj_valid,tc,1,1,1,matched,1,49,[7901],"Anyway , he 's enjoying it and liking it",enjoying,5,ARG0,enjoyer,"[(2, 2)]","[(2, 2)]",True,没有语法错误,False,"sm_right, o1mini_right",annotation_tc_smallmodel_removerepeate_322_wlj_final.json,correct_data_tc_smallmodel.json
tc_smallmodel_llmj_valid,tc,1,1,1,matched,1,50,[7909],"Anyway , he 's enjoying it and liking it",liking,8,ARG0,liker,"[(2, 2)]","[(2, 2)]",True,没有语法错误,False,"sm_right, o1mini_right",annotation_tc_smallmodel_removerepeate_322_wlj_final.json,correct_data_tc_smallmodel.json
tc_smallmodel_llmj_valid,tc,1,0,0,matched,1,51,[7682],"Anyway they take , %uh fluid out of it .",take,3,ARG1,thing taken,"[(4, 5)]","[(5, 5)]",False,没有语法错误,False,"sm_right, o1mini_right",annotation_tc_smallmodel_removerepeate_322_wlj_final.json,correct_data_tc_smallmodel.json
tc_smallmodel_llmj_valid,tc,1,0,0,matched,1,52,[5959],Are you going to try and become a dual citizen ?,try,5,ARG1,thing tried,"[(5, 9)]","[(6, 9)]",False,没有语法错误,False,"sm_right, o1mini_right",annotation_tc_smallmodel_removerepeate_322_wlj_final.json,correct_data_tc_smallmodel.json
tc_smallmodel_llmj_valid,tc,1,0,0,matched,1,53,[5353],As long as I do n't bring it back to the states .,bring,7,ARG3,"attribute, state after bringing, secondary action","[(8, 8)]",[],False,没有语法错误,False,"sm_right, o1mini_right",annotation_tc_smallmodel_removerepeate_322_wlj_final.json,correct_data_tc_smallmodel.json
tc_smallmodel_llmj_valid,tc,1,1,1,matched,1,54,[5354],As long as I do n't bring it back to the states .,bring,7,ARG2,"benefactive or destination brought-for, brought-to,","[(9, 11)]","[(8, 11), (9, 11)]",True,没有语法错误,False,"sm_right, o1mini_right",annotation_tc_smallmodel_removerepeate_322_wlj_final.json,correct_data_tc_smallmodel.json
tc_smallmodel_llmj_valid,tc,1,1,1,matched,1,55,[1934],But I mean you 're below the poverty line at that level .,mean,3,ARG1,element containing meaning,"[(3, 11)]","[(3, 11)]",True,没有语法错误,False,"sm_right, o1mini_right",annotation_tc_smallmodel_removerepeate_322_wlj_final.json,correct_data_tc_smallmodel.json
tc_smallmodel_llmj_valid,tc,1,0,0,matched,1,56,[3517],"But at any rate it was nice to hear from her because she said after two years there now , she %um has come to terms with this ,",said,14,ARG1,Utterance,"[(20, 27)]","[(14, 27)]",False,没有语法错误,False,"sm_right, o1mini_right",annotation_tc_smallmodel_removerepeate_322_wlj_final.json,correct_data_tc_smallmodel.json
tc_smallmodel_llmj_valid,tc,1,0,0,matched,1,57,[609],But then I 've already made say like fifteen thousand or whatever here in Washington,made,6,ARG1,wages,"[(6, 11)]","[(8, 11)]",False,没有语法错误,False,"sm_right, o1mini_right",annotation_tc_smallmodel_removerepeate_322_wlj_final.json,correct_data_tc_smallmodel.json
tc_smallmodel_llmj_valid,tc,1,1,1,matched,1,58,[2974],But then again I 'm not sure that Kim would be interested in seeing Shape Headquarters and you know all that kind of stuff . those military things .,seeing,14,ARG0,viewer,"[(8, 8)]","[(8, 8)]",True,没有语法错误,False,"sm_right, o1mini_right",annotation_tc_smallmodel_removerepeate_322_wlj_final.json,correct_data_tc_smallmodel.json
tc_smallmodel_llmj_valid,tc,1,1,1,matched,1,59,[2975],But then again I 'm not sure that Kim would be interested in seeing Shape Headquarters and you know all that kind of stuff . those military things .,seeing,14,ARG1,thing viewed,"[(14, 15)]","[(14, 15), (14, 27)]",True,没有语法错误,False,"sm_right, o1mini_right",annotation_tc_smallmodel_removerepeate_322_wlj_final.json,correct_data_tc_smallmodel.json
tc_smallmodel_llmj_valid,tc,1,1,1,matched,1,60,[2981],But then again I 'm not sure that Kim would be interested in seeing Shape Headquarters and you know all that kind of stuff . those military things .,know,19,ARG1,fact that is known,"[(19, 27)]","[(19, 27)]",True,没有语法错误,True,"sm_right, o1mini_right",annotation_tc_smallmodel_removerepeate_322_wlj_final.json,correct_data_tc_smallmodel.json
tc_smallmodel_llmj_valid,tc,1,1,1,matched,1,61,[2726],But we got to see Den Haag and places like that too which we 're obviously not going to see this time .,got,3,ARG0,"Benefactive, partaker in desired action","[(1, 1)]","[(1, 1)]",True,没有语法错误,False,"sm_right, o1mini_right",annotation_tc_smallmodel_removerepeate_322_wlj_final.json,correct_data_tc_smallmodel.json
tc_smallmodel_llmj_valid,tc,1,0,0,matched,1,62,[8719],"But you know , I mean that mhm . should n't be a big deal . %um",know,3,ARG0,knower,"[(4, 4)]","[(1, 1)]",False,没有语法错误,True,"sm_right, o1mini_right",annotation_tc_smallmodel_removerepeate_322_wlj_final.json,correct_data_tc_smallmodel.json
tc_smallmodel_llmj_valid,tc,1,1,1,matched,1,63,[8729],"But you know , I mean that mhm . should n't be a big deal . %um",mean,6,ARG1,element containing meaning,"[(6, 14)]","[(6, 14)]",True,没有语法错误,False,"sm_right, o1mini_right",annotation_tc_smallmodel_removerepeate_322_wlj_final.json,correct_data_tc_smallmodel.json
tc_smallmodel_llmj_valid,tc,1,1,1,matched,1,64,[7935],But you know I always worried,know,3,ARG1,fact that is known,"[(3, 5)]","[(3, 5)]",True,没有语法错误,False,"sm_right, o1mini_right",annotation_tc_smallmodel_removerepeate_322_wlj_final.json,correct_data_tc_smallmodel.json
tc_smallmodel_llmj_valid,tc,1,1,1,matched,1,65,[3850],But you know it 'll never be more than about seventy or eighty percent . Which is fine .,know,3,ARG1,fact that is known,"[(3, 13)]","[(3, 13)]",True,没有语法错误,False,"sm_right, o1mini_right",annotation_tc_smallmodel_removerepeate_322_wlj_final.json,correct_data_tc_smallmodel.json
tc_smallmodel_llmj_valid,tc,1,1,1,matched,1,66,[145],But you know the weeknights is pretty crazy .,know,3,ARG1,fact that is known,"[(3, 7)]","[(3, 7)]",True,没有语法错误,False,"sm_right, o1mini_right",annotation_tc_smallmodel_removerepeate_322_wlj_final.json,correct_data_tc_smallmodel.json
tc_smallmodel_llmj_valid,tc,1,0,0,matched,1,67,[651],Did she say how she felt about what had happened ?,felt,6,ARG1,emotion or sensation,"[(6, 9)]","[(3, 3)]",False,没有语法错误,True,"sm_right, o1mini_right",annotation_tc_smallmodel_removerepeate_322_wlj_final.json,correct_data_tc_smallmodel.json
tc_smallmodel_llmj_valid,tc,1,1,1,matched,1,68,[656],Did she say how she felt about what had happened ?,felt,6,ARG0,"feeler, person experiencing emotion","[(4, 4)]","[(4, 4)]",True,没有语法错误,False,"sm_right, o1mini_right",annotation_tc_smallmodel_removerepeate_322_wlj_final.json,correct_data_tc_smallmodel.json
tc_smallmodel_llmj_valid,tc,1,1,1,matched,1,69,[7548],Do they do that to everyone ?,Do,1,ARG2,,"[(4, 5)]","[(4, 5)]",True,没有语法错误,False,"sm_right, o1mini_right",annotation_tc_smallmodel_removerepeate_322_wlj_final.json,correct_data_tc_smallmodel.json
tc_smallmodel_llmj_valid,tc,1,1,1,matched,1,70,[7302],Do you ?,Do,1,ARG0,,"[(1, 1)]","[(1, 1)]",True,没有语法错误,True,"sm_right, o1mini_right",annotation_tc_smallmodel_removerepeate_322_wlj_final.json,correct_data_tc_smallmodel.json
tc_smallmodel_llmj_valid,tc,1,0,0,matched,1,71,[363],For a woman who is lifting not that much I do n't think yeah . You would .,think,13,ARG1,Thought,"[(13, 13)]",[],False,有语法错误,False,"sm_right, o1mini_right",annotation_tc_smallmodel_removerepeate_322_wlj_final.json,correct_data_tc_smallmodel.json
tc_smallmodel_llmj_valid,tc,1,1,1,matched,1,72,[5042],He eats at least like four of cereal a day like in addition to like meals .,eats,2,ARG1,meal,"[(2, 9)]","[(2, 9), (5, 7)]",True,没有语法错误,False,"sm_right, o1mini_right",annotation_tc_smallmodel_removerepeate_322_wlj_final.json,correct_data_tc_smallmodel.json
tc_smallmodel_llmj_valid,tc,1,1,1,matched,1,73,[8799],"I 'll give you a call when we arrive in h- ,",give,3,ARG0,giver,"[(0, 0)]","[(0, 0)]",True,没有语法错误,False,"sm_right, o1mini_right",annotation_tc_smallmodel_removerepeate_322_wlj_final.json,correct_data_tc_smallmodel.json
tc_smallmodel_llmj_valid,tc,1,1,1,matched,1,74,[1113],I 'll have to get somebody to help me .,help,8,ARG1,project,"[(8, 8)]","[(8, 8)]",True,没有语法错误,False,"sm_right, o1mini_right",annotation_tc_smallmodel_removerepeate_322_wlj_final.json,correct_data_tc_smallmodel.json
tc_smallmodel_llmj_valid,tc,1,1,1,matched,1,75,[7344],I 'll tell dad that you still think about the,tell,3,ARG0,Speaker,"[(0, 0)]","[(0, 0)]",True,没有语法错误,False,"sm_right, o1mini_right",annotation_tc_smallmodel_removerepeate_322_wlj_final.json,correct_data_tc_smallmodel.json
tc_smallmodel_llmj_valid,tc,1,1,1,matched,1,76,[7107],"I 'm looking at , %um , multi mode lasers .",looking,3,ARG0,looker,"[(0, 0)]","[(0, 0)]",True,没有语法错误,False,"sm_right, o1mini_right",annotation_tc_smallmodel_removerepeate_322_wlj_final.json,correct_data_tc_smallmodel.json
tc_smallmodel_llmj_valid,tc,1,1,1,matched,1,77,[4543],"I 'm really looking forward to moving to Oregon and dealing with ,",dealing,11,ARG0,dealer (or all dealers),"[(0, 0)]","[(0, 0)]",True,没有语法错误,False,"sm_right, o1mini_right",annotation_tc_smallmodel_removerepeate_322_wlj_final.json,correct_data_tc_smallmodel.json
tc_smallmodel_llmj_valid,tc,1,1,1,matched,1,78,[4537],"I 'm really looking forward to moving to Oregon and dealing with ,",moving,7,ARG1,moved,"[(0, 0)]","[(0, 0)]",True,没有语法错误,False,"sm_right, o1mini_right",annotation_tc_smallmodel_removerepeate_322_wlj_final.json,correct_data_tc_smallmodel.json
tc_smallmodel_llmj_valid,tc,1,1,1,matched,1,79,[1019],I 've been telling you that I needed to do that roof atrium for quite some time .,needed,8,ARG1,thing needed,"[(8, 12)]","[(8, 12)]",True,没有语法错误,False,"sm_right, o1mini_right",annotation_tc_smallmodel_removerepeate_322_wlj_final.json,correct_data_tc_smallmodel.json
tc_smallmodel_llmj_valid,tc,1,1,1,matched,1,80,[4493],I 've got a student here who 's checking out rooms and stuff .,got,3,ARG1,"thing had, possessed","[(3, 12)]","[(3, 4), (3, 12)]",True,没有语法错误,False,"sm_right, o1mini_right",annotation_tc_smallmodel_removerepeate_322_wlj_final.json,correct_data_tc_smallmodel.json
tc_smallmodel_llmj_valid,tc,1,1,1,matched,1,81,[1773],I ca n't say too bad things about the military though .,say,4,ARG1,Utterance,"[(4, 9)]","[(4, 6), (4, 9)]",True,没有语法错误,False,"sm_right, o1mini_right",annotation_tc_smallmodel_removerepeate_322_wlj_final.json,correct_data_tc_smallmodel.json
tc_smallmodel_llmj_valid,tc,1,0,0,matched,1,82,[6128],I can hardly hear you .,hear,4,ARG1,"utterance, sound","[(4, 4)]",[],False,没有语法错误,False,"sm_right, o1mini_right",annotation_tc_smallmodel_removerepeate_322_wlj_final.json,correct_data_tc_smallmodel.json
tc_smallmodel_llmj_valid,tc,1,1,1,matched,1,83,[7924],I can just open the thing here .,open,4,ARG1,thing opening,"[(4, 5)]","[(4, 5)]",True,没有语法错误,False,"sm_right, o1mini_right",annotation_tc_smallmodel_removerepeate_322_wlj_final.json,correct_data_tc_smallmodel.json
tc_smallmodel_llmj_valid,tc,1,1,1,matched,1,84,[4955],I did n't think so .,think,4,ARG0,Thinker,"[(0, 0)]","[(0, 0)]",True,没有语法错误,False,"sm_right, o1mini_right",annotation_tc_smallmodel_removerepeate_322_wlj_final.json,correct_data_tc_smallmodel.json
tc_smallmodel_llmj_valid,tc,1,1,1,matched,1,85,[298],I do n't know if you spoke to me before that or when it was that was happening . Or,happening,18,ARG1,event,"[(13, 13)]","[(13, 13), (15, 15)]",True,没有语法错误,False,"sm_right, o1mini_right",annotation_tc_smallmodel_removerepeate_322_wlj_final.json,correct_data_tc_smallmodel.json
tc_smallmodel_llmj_valid,tc,1,1,1,matched,1,86,[286],I do n't know if you spoke to me before that or when it was that was happening . Or,know,4,ARG1,fact that is known,"[(4, 17)]","[(4, 17)]",True,没有语法错误,False,"sm_right, o1mini_right",annotation_tc_smallmodel_removerepeate_322_wlj_final.json,correct_data_tc_smallmodel.json
tc_smallmodel_llmj_valid,tc,1,1,1,matched,1,87,[730],I figured there was something like that because,figured,2,ARG0,thinker,"[(0, 0)]","[(0, 0)]",True,没有语法错误,False,"sm_right, o1mini_right",annotation_tc_smallmodel_removerepeate_322_wlj_final.json,correct_data_tc_smallmodel.json
tc_smallmodel_llmj_valid,tc,1,1,1,matched,1,88,[5850],I had that when I went into the military .,went,6,ARG4,,"[(6, 8)]","[(6, 8)]",True,没有语法错误,False,"sm_right, o1mini_right",annotation_tc_smallmodel_removerepeate_322_wlj_final.json,correct_data_tc_smallmodel.json
tc_smallmodel_llmj_valid,tc,1,1,1,matched,1,89,[232],I have my discharge papers and everything,have,2,ARG0,owner,"[(0, 0)]","[(0, 0)]",True,没有语法错误,False,"sm_right, o1mini_right",annotation_tc_smallmodel_removerepeate_322_wlj_final.json,correct_data_tc_smallmodel.json
tc_smallmodel_llmj_valid,tc,1,1,1,matched,1,90,[233],I have my discharge papers and everything,have,2,ARG1,possession,"[(2, 6)]","[(2, 6)]",True,没有语法错误,False,"sm_right, o1mini_right",annotation_tc_smallmodel_removerepeate_322_wlj_final.json,correct_data_tc_smallmodel.json
tc_smallmodel_llmj_valid,tc,1,1,1,matched,1,91,[8462],I have no idea .,have,2,ARG0,owner,"[(0, 0)]","[(0, 0)]",True,没有语法错误,False,"sm_right, o1mini_right",annotation_tc_smallmodel_removerepeate_322_wlj_final.json,correct_data_tc_smallmodel.json
tc_smallmodel_llmj_valid,tc,1,1,1,matched,1,92,[3408],I have two friends in publishing .,have,2,ARG1,possession,"[(2, 3)]","[(2, 3), (2, 5)]",True,没有语法错误,False,"sm_right, o1mini_right",annotation_tc_smallmodel_removerepeate_322_wlj_final.json,correct_data_tc_smallmodel.json
tc_smallmodel_llmj_valid,tc,1,1,1,matched,1,93,[7423],I just would n't go .,go,5,ARG0,goer,"[(0, 0)]","[(0, 0)]",True,没有语法错误,False,"sm_right, o1mini_right",annotation_tc_smallmodel_removerepeate_322_wlj_final.json,correct_data_tc_smallmodel.json
tc_smallmodel_llmj_valid,tc,1,1,1,matched,2,94,"[3494, 3496]","I mean , you know , writing a couple of articles based on your Master 's thesis , is , not at all unusual in Physics",mean,2,ARG1,element containing meaning,"[(6, 16), (3, 25)]","[(3, 25), (6, 25)]",True,没有语法错误,False,"sm_right, o1mini_right",annotation_tc_smallmodel_removerepeate_322_wlj_final.json,correct_data_tc_smallmodel.json
tc_smallmodel_llmj_valid,tc,1,1,1,matched,1,95,[590],I mean I 've been thinking about it,mean,2,ARG1,element containing meaning,"[(2, 7)]","[(2, 7)]",True,没有语法错误,False,"sm_right, o1mini_right",annotation_tc_smallmodel_removerepeate_322_wlj_final.json,correct_data_tc_smallmodel.json
tc_smallmodel_llmj_valid,tc,1,1,1,matched,1,96,[4030],I mean I do n't think you 're going to lose that much .,mean,2,ARG1,element containing meaning,"[(2, 12)]","[(2, 12)]",True,没有语法错误,False,"sm_right, o1mini_right",annotation_tc_smallmodel_removerepeate_322_wlj_final.json,correct_data_tc_smallmodel.json
tc_smallmodel_llmj_valid,tc,1,1,1,matched,1,97,[6869],I mean Jasmine was about two months old,mean,2,ARG1,element containing meaning,"[(2, 7)]","[(2, 7)]",True,没有语法错误,False,"sm_right, o1mini_right",annotation_tc_smallmodel_removerepeate_322_wlj_final.json,correct_data_tc_smallmodel.json
tc_smallmodel_llmj_valid,tc,1,1,1,matched,1,98,[6798],I mean it 's kind of stupid .,mean,2,ARG1,element containing meaning,"[(2, 6)]","[(2, 6)]",True,没有语法错误,False,"sm_right, o1mini_right",annotation_tc_smallmodel_removerepeate_322_wlj_final.json,correct_data_tc_smallmodel.json
tc_smallmodel_llmj_valid,tc,1,0,0,matched,1,99,[248],I mean it is you know I mean absorbed,mean,2,ARG1,element containing meaning,"[(2, 2)]","[(2, 8)]",False,没有语法错误,False,"sm_right, o1mini_right",annotation_tc_smallmodel_removerepeate_322_wlj_final.json,correct_data_tc_smallmodel.json
tc_smallmodel_llmj_valid,tc,1,1,1,matched,1,100,[1440],I mean it stays light here till about ten thirty eleven o'clock mhm . at night .,stays,4,ARG1,thing remaining,"[(2, 2)]","[(2, 2)]",True,没有语法错误,False,"sm_right, o1mini_right",annotation_tc_smallmodel_removerepeate_322_wlj_final.json,correct_data_tc_smallmodel.json
tc_smallmodel_llmj_valid,tc,1,1,1,matched,2,101,"[9074, 9076]",I mean most women you lose your baby that 's it .,mean,2,ARG1,element containing meaning,"[(2, 7), (2, 10)]","[(2, 10)]",True,没有语法错误,False,"sm_right, o1mini_right",annotation_tc_smallmodel_removerepeate_322_wlj_final.json,correct_data_tc_smallmodel.json
tc_smallmodel_llmj_valid,tc,1,1,1,matched,2,102,"[5636, 5638]",I mean of course I did n't say anything to her .,mean,2,ARG1,element containing meaning,"[(4, 10), (2, 10)]","[(2, 10), (4, 10)]",True,没有语法错误,False,"sm_right, o1mini_right",annotation_tc_smallmodel_removerepeate_322_wlj_final.json,correct_data_tc_smallmodel.json
tc_smallmodel_llmj_valid,tc,1,1,1,matched,1,103,[965],I mean she did n't know that I was there .,mean,2,ARG1,element containing meaning,"[(2, 9)]","[(2, 9)]",True,没有语法错误,False,"sm_right, o1mini_right",annotation_tc_smallmodel_removerepeate_322_wlj_final.json,correct_data_tc_smallmodel.json
tc_smallmodel_llmj_valid,tc,1,1,1,matched,1,104,[974],I mean she did n't know that I was there .,know,6,ARG1,fact that is known,"[(6, 9)]","[(6, 9)]",True,没有语法错误,False,"sm_right, o1mini_right",annotation_tc_smallmodel_removerepeate_322_wlj_final.json,correct_data_tc_smallmodel.json
tc_smallmodel_llmj_valid,tc,1,1,1,matched,1,105,[3844],I mean that 's the military .,mean,2,ARG1,element containing meaning,"[(2, 5)]","[(2, 5)]",True,没有语法错误,False,"sm_right, o1mini_right",annotation_tc_smallmodel_removerepeate_322_wlj_final.json,correct_data_tc_smallmodel.json
tc_smallmodel_llmj_valid,tc,1,1,1,matched,1,106,[5829],I mean the amount of cereal he eats like between meals and after meals,mean,2,ARG1,element containing meaning,"[(2, 13)]","[(2, 13)]",True,没有语法错误,False,"sm_right, o1mini_right",annotation_tc_smallmodel_removerepeate_322_wlj_final.json,correct_data_tc_smallmodel.json
tc_smallmodel_llmj_valid,tc,1,1,1,matched,1,107,[8469],I mean the only thing is %um just getting your heart rate up for extended periods of time .,mean,2,ARG1,element containing meaning,"[(2, 17)]","[(2, 17)]",True,没有语法错误,False,"sm_right, o1mini_right",annotation_tc_smallmodel_removerepeate_322_wlj_final.json,correct_data_tc_smallmodel.json
tc_smallmodel_llmj_valid,tc,1,1,1,matched,1,108,[8475],I mean the only thing is %um just getting your heart rate up for extended periods of time .,getting,9,ARG1,a clause -- action done or descriptive small clause,"[(9, 12)]","[(9, 12), (9, 17)]",True,没有语法错误,False,"sm_right, o1mini_right",annotation_tc_smallmodel_removerepeate_322_wlj_final.json,correct_data_tc_smallmodel.json
tc_smallmodel_llmj_valid,tc,1,1,1,matched,1,109,[3756],I mean the phones here are pretty good . once you 're in the country .,mean,2,ARG1,element containing meaning,"[(2, 14)]","[(2, 14)]",True,没有语法错误,False,"sm_right, o1mini_right",annotation_tc_smallmodel_removerepeate_322_wlj_final.json,correct_data_tc_smallmodel.json
tc_smallmodel_llmj_valid,tc,1,0,0,matched,1,110,[465],I mean the thing that i-,mean,2,ARG1,element containing meaning,"[(2, 4)]",[],False,有语法错误,False,"sm_right, o1mini_right",annotation_tc_smallmodel_removerepeate_322_wlj_final.json,correct_data_tc_smallmodel.json
tc_smallmodel_llmj_valid,tc,1,1,1,matched,1,111,[3474],I mean they do n't know .,mean,2,ARG1,element containing meaning,"[(2, 5)]","[(2, 5)]",True,没有语法错误,False,"sm_right, o1mini_right",annotation_tc_smallmodel_removerepeate_322_wlj_final.json,correct_data_tc_smallmodel.json
tc_smallmodel_llmj_valid,tc,1,1,1,matched,1,112,[3479],I mean they do n't know .,know,6,ARG0,knower,"[(2, 2)]","[(2, 2)]",True,没有语法错误,False,"sm_right, o1mini_right",annotation_tc_smallmodel_removerepeate_322_wlj_final.json,correct_data_tc_smallmodel.json
tc_smallmodel_llmj_valid,tc,1,1,1,matched,1,113,[1237],I mean things have been happening that has just scared the heck out of me .,scared,10,ARG0,scary entity,"[(2, 2)]","[(2, 2), (2, 5)]",True,没有语法错误,False,"sm_right, o1mini_right",annotation_tc_smallmodel_removerepeate_322_wlj_final.json,correct_data_tc_smallmodel.json
tc_smallmodel_llmj_valid,tc,1,1,1,matched,1,114,[1219],I mean things have been happening that has just scared the heck out of me .,mean,2,ARG0,agent,"[(0, 0)]","[(0, 0)]",True,没有语法错误,False,"sm_right, o1mini_right",annotation_tc_smallmodel_removerepeate_322_wlj_final.json,correct_data_tc_smallmodel.json
tc_smallmodel_llmj_valid,tc,1,1,1,matched,1,115,[1220],I mean things have been happening that has just scared the heck out of me .,mean,2,ARG1,element containing meaning,"[(2, 14)]","[(2, 14)]",True,没有语法错误,False,"sm_right, o1mini_right",annotation_tc_smallmodel_removerepeate_322_wlj_final.json,correct_data_tc_smallmodel.json
tc_smallmodel_llmj_valid,tc,1,0,0,matched,1,116,[8912],I mean yeah,mean,2,ARG1,element containing meaning,"[(2, 2)]",[],False,有语法错误,False,"sm_right, o1mini_right",annotation_tc_smallmodel_removerepeate_322_wlj_final.json,correct_data_tc_smallmodel.json
tc_smallmodel_llmj_valid,tc,1,1,1,matched,1,117,[2044],I mean you lay her down on the bed,mean,2,ARG1,element containing meaning,"[(2, 8)]","[(2, 8)]",True,没有语法错误,False,"sm_right, o1mini_right",annotation_tc_smallmodel_removerepeate_322_wlj_final.json,correct_data_tc_smallmodel.json
tc_smallmodel_llmj_valid,tc,1,1,1,matched,1,118,[2051],I mean you lay her down on the bed,lay,4,ARG0,,"[(2, 2)]","[(2, 2)]",True,没有语法错误,False,"sm_right, o1mini_right",annotation_tc_smallmodel_removerepeate_322_wlj_final.json,correct_data_tc_smallmodel.json
tc_smallmodel_llmj_valid,tc,1,1,1,matched,1,119,[2108],I mean you might lose some,mean,2,ARG1,element containing meaning,"[(2, 5)]","[(2, 5)]",True,没有语法错误,False,"sm_right, o1mini_right",annotation_tc_smallmodel_removerepeate_322_wlj_final.json,correct_data_tc_smallmodel.json
tc_smallmodel_llmj_valid,tc,1,1,1,matched,1,120,[7670],I owe four years in active reserve time .,owe,2,ARG0,payer or buyer,"[(0, 0)]","[(0, 0)]",True,没有语法错误,False,"sm_right, o1mini_right",annotation_tc_smallmodel_removerepeate_322_wlj_final.json,correct_data_tc_smallmodel.json
tc_smallmodel_llmj_valid,tc,1,1,1,matched,1,121,[2491],I really have no idea .,have,3,ARG0,owner,"[(0, 0)]","[(0, 0)]",True,没有语法错误,False,"sm_right, o1mini_right",annotation_tc_smallmodel_removerepeate_322_wlj_final.json,correct_data_tc_smallmodel.json
tc_smallmodel_llmj_valid,tc,1,1,1,matched,1,122,[6573],I said I feel like I know you even though I never met you .,said,2,ARG1,Utterance,"[(2, 13)]","[(2, 13)]",True,没有语法错误,False,"sm_right, o1mini_right",annotation_tc_smallmodel_removerepeate_322_wlj_final.json,correct_data_tc_smallmodel.json
tc_smallmodel_llmj_valid,tc,1,1,1,matched,1,123,[6578],I said I feel like I know you even though I never met you .,feel,4,ARG0,believer,"[(2, 2)]","[(2, 2)]",True,没有语法错误,False,"sm_right, o1mini_right",annotation_tc_smallmodel_removerepeate_322_wlj_final.json,correct_data_tc_smallmodel.json
tc_smallmodel_llmj_valid,tc,1,0,0,matched,1,124,[6579],I said I feel like I know you even though I never met you .,feel,4,ARG1,belief,"[(4, 13)]","[(5, 13)]",False,没有语法错误,False,"sm_right, o1mini_right",annotation_tc_smallmodel_removerepeate_322_wlj_final.json,correct_data_tc_smallmodel.json
tc_smallmodel_llmj_valid,tc,1,1,1,matched,1,125,[4793],"I said mom it is when you believe in Allah , when you have faith and know when you truly give your heart to Allah , only Allah can make the way clear for you .",know,17,ARG1,fact that is known,"[(17, 24)]","[(17, 24)]",True,没有语法错误,False,"sm_right, o1mini_right",annotation_tc_smallmodel_removerepeate_322_wlj_final.json,correct_data_tc_smallmodel.json
tc_smallmodel_llmj_valid,tc,1,1,1,matched,1,126,[4769],"I said mom it is when you believe in Allah , when you have faith and know when you truly give your heart to Allah , only Allah can make the way clear for you .",said,2,ARG2,Hearer,"[(2, 2)]","[(2, 2)]",True,没有语法错误,False,"sm_right, o1mini_right",annotation_tc_smallmodel_removerepeate_322_wlj_final.json,correct_data_tc_smallmodel.json
tc_smallmodel_llmj_valid,tc,1,1,1,matched,1,127,[4770],"I said mom it is when you believe in Allah , when you have faith and know when you truly give your heart to Allah , only Allah can make the way clear for you .",said,2,ARG1,Utterance,"[(3, 34)]","[(3, 34)]",True,没有语法错误,False,"sm_right, o1mini_right",annotation_tc_smallmodel_removerepeate_322_wlj_final.json,correct_data_tc_smallmodel.json
tc_smallmodel_llmj_valid,tc,1,1,1,matched,1,128,[4823],"I said mom it is when you believe in Allah , when you have faith and know when you truly give your heart to Allah , only Allah can make the way clear for you .",make,30,ARG1,impelled action/ predication,"[(30, 34)]","[(30, 32), (30, 34)]",True,没有语法错误,False,"sm_right, o1mini_right",annotation_tc_smallmodel_removerepeate_322_wlj_final.json,correct_data_tc_smallmodel.json
tc_smallmodel_llmj_valid,tc,1,0,0,matched,1,129,[8438],I said oh and I do n't have your number in my other phonebook I said .,said,2,ARG1,Utterance,"[(2, 2)]","[(2, 13)]",False,没有语法错误,False,"sm_right, o1mini_right",annotation_tc_smallmodel_removerepeate_322_wlj_final.json,correct_data_tc_smallmodel.json
tc_smallmodel_llmj_valid,tc,1,0,0,matched,1,130,[8651],I said to Mark oh my god . What 's she going to say,said,2,ARG1,Utterance,"[(8, 13)]","[(4, 13)]",False,没有语法错误,False,"sm_right, o1mini_right",annotation_tc_smallmodel_removerepeate_322_wlj_final.json,correct_data_tc_smallmodel.json
tc_smallmodel_llmj_valid,tc,1,1,1,matched,1,131,[1516],"I said you know it 's a shame that you ca n't go no place and I can get a good report on you you know , %um , and by her going to Francis and things , and Francis seeing for herself ,",said,2,ARG1,Utterance,"[(2, 42)]","[(2, 42), (4, 42)]",True,没有语法错误,False,"sm_right, o1mini_right",annotation_tc_smallmodel_removerepeate_322_wlj_final.json,correct_data_tc_smallmodel.json
tc_smallmodel_llmj_valid,tc,1,0,0,matched,1,132,[1549],"I said you know it 's a shame that you ca n't go no place and I can get a good report on you you know , %um , and by her going to Francis and things , and Francis seeing for herself ,",going,33,ARG2,,"[(33, 36)]",[],False,没有语法错误,False,"sm_right, o1mini_right",annotation_tc_smallmodel_removerepeate_322_wlj_final.json,correct_data_tc_smallmodel.json
tc_smallmodel_llmj_valid,tc,1,0,0,matched,1,133,[1551],"I said you know it 's a shame that you ca n't go no place and I can get a good report on you you know , %um , and by her going to Francis and things , and Francis seeing for herself ,",going,33,ARG4,end point,"[(33, 36)]",[],False,没有语法错误,False,"sm_right, o1mini_right",annotation_tc_smallmodel_removerepeate_322_wlj_final.json,correct_data_tc_smallmodel.json
tc_smallmodel_llmj_valid,tc,1,0,0,matched,1,134,[1518],"I said you know it 's a shame that you ca n't go no place and I can get a good report on you you know , %um , and by her going to Francis and things , and Francis seeing for herself ,",know,4,ARG1,fact that is known,"[(4, 14)]","[(4, 42)]",False,没有语法错误,False,"sm_right, o1mini_right",annotation_tc_smallmodel_removerepeate_322_wlj_final.json,correct_data_tc_smallmodel.json
tc_smallmodel_llmj_valid,tc,1,0,0,matched,1,135,[1555],"I said you know it 's a shame that you ca n't go no place and I can get a good report on you you know , %um , and by her going to Francis and things , and Francis seeing for herself ,",seeing,41,ARG3,,"[(41, 42)]",[],False,没有语法错误,False,"sm_right, o1mini_right",annotation_tc_smallmodel_removerepeate_322_wlj_final.json,correct_data_tc_smallmodel.json
tc_smallmodel_llmj_valid,tc,1,1,1,matched,1,136,[4618],"I think Optics Letters is probably the one that we 're shooting for , or else , perhaps , though I do n't think it 's quite that significant , would be Phys Rev Letters .",shooting,12,ARG2,target,"[(6, 7)]","[(2, 3), (6, 7)]",True,没有语法错误,False,"sm_right, o1mini_right",annotation_tc_smallmodel_removerepeate_322_wlj_final.json,correct_data_tc_smallmodel.json
tc_smallmodel_llmj_valid,tc,1,1,1,matched,1,137,[4609],"I think Optics Letters is probably the one that we 're shooting for , or else , perhaps , though I do n't think it 's quite that significant , would be Phys Rev Letters .",think,2,ARG1,Thought,"[(2, 34)]","[(2, 34)]",True,没有语法错误,False,"sm_right, o1mini_right",annotation_tc_smallmodel_removerepeate_322_wlj_final.json,correct_data_tc_smallmodel.json
tc_smallmodel_llmj_valid,tc,1,0,0,matched,1,138,[4338],I thought you were talking to somebody else and like put the phone down or something .,put,11,ARG2,where put,"[(13, 13)]",[],False,没有语法错误,False,"sm_right, o1mini_right",annotation_tc_smallmodel_removerepeate_322_wlj_final.json,correct_data_tc_smallmodel.json
tc_smallmodel_llmj_valid,tc,1,1,1,matched,2,139,"[5051, 5054]","If you want to go %uh off into the countryside somewhere and see a little bit of , echte Holland , real Holland and we can do that too .",go,5,ARG4,end point,"[(7, 10), (10, 10)]","[(7, 10)]",True,没有语法错误,False,"sm_right, o1mini_right",annotation_tc_smallmodel_removerepeate_322_wlj_final.json,correct_data_tc_smallmodel.json
tc_smallmodel_llmj_valid,tc,1,1,1,matched,1,140,[3995],Is it paid today ?,paid,3,ARG3,"commodity, paid for what","[(1, 1)]","[(1, 1)]",True,没有语法错误,True,"sm_right, o1mini_right",annotation_tc_smallmodel_removerepeate_322_wlj_final.json,correct_data_tc_smallmodel.json
tc_smallmodel_llmj_valid,tc,1,1,1,matched,1,141,[6853],"It 's just But %um %uh , %uh , the main reason for that is I had not really anticipated a few expenses that recently came up %ah . %uh , related to a couple of burglaries that I had .",related,32,ARG1,thing under consideration,"[(20, 22)]","[(20, 22), (20, 26)]",True,没有语法错误,False,"sm_right, o1mini_right",annotation_tc_smallmodel_removerepeate_322_wlj_final.json,correct_data_tc_smallmodel.json
tc_smallmodel_llmj_valid,tc,1,1,1,matched,1,142,[6861],"It 's just But %um %uh , %uh , the main reason for that is I had not really anticipated a few expenses that recently came up %ah . %uh , related to a couple of burglaries that I had .",had,40,ARG1,possession,"[(33, 36)]","[(33, 36), (36, 36)]",True,没有语法错误,False,"sm_right, o1mini_right",annotation_tc_smallmodel_removerepeate_322_wlj_final.json,correct_data_tc_smallmodel.json
tc_smallmodel_llmj_valid,tc,1,1,1,matched,1,143,[3709],"It develops because of irritation , because of a %um , inflammation .",develops,2,ARG1,"location where something develops, or thing that was there first and undergoes some sort of change as new elements develop from it","[(0, 0)]","[(0, 0)]",True,没有语法错误,True,"sm_right, o1mini_right",annotation_tc_smallmodel_removerepeate_322_wlj_final.json,correct_data_tc_smallmodel.json
tc_smallmodel_llmj_valid,tc,1,1,1,matched,1,144,[8317],It may be the other one that just took the job with Hard Core Brace,took,9,ARG1,thing taken,"[(9, 10)]","[(9, 10), (9, 14)]",True,没有语法错误,False,"sm_right, o1mini_right",annotation_tc_smallmodel_removerepeate_322_wlj_final.json,correct_data_tc_smallmodel.json
tc_smallmodel_llmj_valid,tc,1,0,0,matched,1,145,[69],Just say you know my parents are really opposed to black .,say,2,ARG1,Utterance,"[(2, 10)]","[(4, 10)]",False,没有语法错误,False,"sm_right, o1mini_right",annotation_tc_smallmodel_removerepeate_322_wlj_final.json,correct_data_tc_smallmodel.json
tc_smallmodel_llmj_valid,tc,1,1,1,matched,1,146,[75],Just say you know my parents are really opposed to black .,know,4,ARG1,fact that is known,"[(4, 10)]","[(4, 10)]",True,没有语法错误,True,"sm_right, o1mini_right",annotation_tc_smallmodel_removerepeate_322_wlj_final.json,correct_data_tc_smallmodel.json
tc_smallmodel_llmj_valid,tc,1,1,1,matched,1,147,[1246],"Milo , get out of there",get,3,ARG1,thing in motion,"[(0, 0)]","[(0, 0)]",True,没有语法错误,False,"sm_right, o1mini_right",annotation_tc_smallmodel_removerepeate_322_wlj_final.json,correct_data_tc_smallmodel.json
tc_smallmodel_llmj_valid,tc,1,1,1,matched,1,148,[6540],My daughter - in - law Barbara got on her case real serious yesterday .,got,8,ARG2,attribute of arg1 (not a VP node),"[(11, 12)]","[(11, 12)]",True,没有语法错误,False,"sm_right, o1mini_right",annotation_tc_smallmodel_removerepeate_322_wlj_final.json,correct_data_tc_smallmodel.json
tc_smallmodel_llmj_valid,tc,1,1,1,matched,1,149,[2815],"No , she was not doing well .",doing,6,ARG0,"agent, doer","[(2, 2)]","[(2, 2)]",True,没有语法错误,False,"sm_right, o1mini_right",annotation_tc_smallmodel_removerepeate_322_wlj_final.json,correct_data_tc_smallmodel.json
tc_smallmodel_llmj_valid,tc,1,0,0,matched,1,150,[8486],No dad told me that .,told,3,ARG0,Speaker,"[(0, 1)]","[(1, 1)]",False,没有语法错误,False,"sm_right, o1mini_right",annotation_tc_smallmodel_removerepeate_322_wlj_final.json,correct_data_tc_smallmodel.json
tc_smallmodel_llmj_valid,tc,1,0,0,matched,1,151,[1643],Not a whole lot I can do about that now .,do,7,ARG1,thing done,"[(1, 3)]","[(7, 8), (8, 8)]",False,没有语法错误,False,"sm_right, o1mini_right",annotation_tc_smallmodel_removerepeate_322_wlj_final.json,correct_data_tc_smallmodel.json
tc_smallmodel_llmj_valid,tc,1,0,0,matched,1,152,[2896],"Now she had a job with an architectural group when she first got out to New York ,",got,13,ARG4,,"[(14, 16)]",[],False,没有语法错误,False,"sm_right, o1mini_right",annotation_tc_smallmodel_removerepeate_322_wlj_final.json,correct_data_tc_smallmodel.json
tc_smallmodel_llmj_valid,tc,1,1,1,matched,1,153,[2900],"Now she had a job with an architectural group when she first got out to New York ,",got,13,ARG2,destination,"[(14, 16)]","[(13, 16), (14, 16)]",True,没有语法错误,False,"sm_right, o1mini_right",annotation_tc_smallmodel_removerepeate_322_wlj_final.json,correct_data_tc_smallmodel.json
tc_smallmodel_llmj_valid,tc,1,1,1,matched,1,154,[7842],Oregon you pay state tax,pay,3,ARG1,money or attention,"[(3, 4)]","[(3, 4)]",True,没有语法错误,False,"sm_right, o1mini_right",annotation_tc_smallmodel_removerepeate_322_wlj_final.json,correct_data_tc_smallmodel.json
tc_smallmodel_llmj_valid,tc,1,1,1,matched,1,155,[2477],"Ron is working as a financial consultant for , %um , Meryl Lynch .",working,3,ARG1,"job, project","[(3, 6)]","[(3, 6)]",True,没有语法错误,False,"sm_right, o1mini_right",annotation_tc_smallmodel_removerepeate_322_wlj_final.json,correct_data_tc_smallmodel.json
tc_smallmodel_llmj_valid,tc,1,0,0,matched,1,156,[8029],"See I think y- , %um ,",think,3,ARG1,Thought,"[(3, 3)]",[],False,有语法错误,False,"sm_right, o1mini_right",annotation_tc_smallmodel_removerepeate_322_wlj_final.json,correct_data_tc_smallmodel.json
tc_smallmodel_llmj_valid,tc,1,1,1,matched,1,157,[8199],"She 's been away with her class oh . up around Blandenburg for about two weeks on a , what they call Feldmessen .",call,22,ARG2,"name itself, attribute of arg1","[(22, 22)]","[(22, 22)]",True,没有语法错误,False,"sm_right, o1mini_right",annotation_tc_smallmodel_removerepeate_322_wlj_final.json,correct_data_tc_smallmodel.json
tc_smallmodel_llmj_valid,tc,1,1,1,matched,1,158,[6522],"She 's trying to become a counselor in this drug program , and things",trying,3,ARG1,thing tried,"[(3, 10)]","[(3, 10)]",True,没有语法错误,False,"sm_right, o1mini_right",annotation_tc_smallmodel_removerepeate_322_wlj_final.json,correct_data_tc_smallmodel.json
tc_smallmodel_llmj_valid,tc,1,1,1,matched,1,159,[119],She did ?,did,2,ARG0,,"[(0, 0)]","[(0, 0)]",True,没有语法错误,False,"sm_right, o1mini_right",annotation_tc_smallmodel_removerepeate_322_wlj_final.json,correct_data_tc_smallmodel.json
tc_smallmodel_llmj_valid,tc,1,0,0,matched,1,160,[7825],She said %uh she 'd be more than happy to .,said,2,ARG1,Utterance,"[(2, 9)]","[(3, 9)]",False,没有语法错误,False,"sm_right, o1mini_right",annotation_tc_smallmodel_removerepeate_322_wlj_final.json,correct_data_tc_smallmodel.json
tc_smallmodel_llmj_valid,tc,1,1,1,matched,1,161,[3148],"She wrote me a letter mhm . you know about her needing a lot of love , a lot of %um help and different things like this ,",needing,12,ARG1,thing needed,"[(12, 26)]","[(12, 26)]",True,没有语法错误,False,"sm_right, o1mini_right",annotation_tc_smallmodel_removerepeate_322_wlj_final.json,correct_data_tc_smallmodel.json
tc_smallmodel_llmj_valid,tc,1,1,1,matched,1,162,[3131],"She wrote me a letter mhm . you know about her needing a lot of love , a lot of %um help and different things like this ,",wrote,2,ARG1,thing written,"[(3, 4)]","[(3, 4), (3, 26)]",True,没有语法错误,False,"sm_right, o1mini_right",annotation_tc_smallmodel_removerepeate_322_wlj_final.json,correct_data_tc_smallmodel.json
tc_smallmodel_llmj_valid,tc,1,1,1,matched,1,163,[3142],"She wrote me a letter mhm . you know about her needing a lot of love , a lot of %um help and different things like this ,",know,9,ARG2,entity that arg1 is known ABOUT,"[(9, 26)]","[(9, 26)]",True,没有语法错误,False,"sm_right, o1mini_right",annotation_tc_smallmodel_removerepeate_322_wlj_final.json,correct_data_tc_smallmodel.json
tc_smallmodel_llmj_valid,tc,1,1,1,matched,1,164,[4094],"So , %um , I found a simple modification of the original formula , which unfortunately makes the solutions horrendously nasty . And in most cases , %uh , insoluble .",makes,17,ARG1,impelled action/ predication,"[(17, 20)]","[(17, 20), (17, 29)]",True,没有语法错误,False,"sm_right, o1mini_right",annotation_tc_smallmodel_removerepeate_322_wlj_final.json,correct_data_tc_smallmodel.json
tc_smallmodel_llmj_valid,tc,1,1,1,matched,1,165,[3837],"So , I assume it 's hard for you not to eat as much as he does .",does,17,ARG0,,"[(15, 15)]","[(15, 15)]",True,没有语法错误,False,"sm_right, o1mini_right",annotation_tc_smallmodel_removerepeate_322_wlj_final.json,correct_data_tc_smallmodel.json
tc_smallmodel_llmj_valid,tc,1,1,1,matched,1,166,[3825],"So , I assume it 's hard for you not to eat as much as he does .",assume,4,ARG0,Thinker,"[(2, 2)]","[(2, 2)]",True,没有语法错误,False,"sm_right, o1mini_right",annotation_tc_smallmodel_removerepeate_322_wlj_final.json,correct_data_tc_smallmodel.json
tc_smallmodel_llmj_valid,tc,1,0,0,matched,1,167,[1341],"So , it actually creates a situation where you get the right sort of answer , you just ca n't always write it down very easily .",creates,5,ARG1,thing created,"[(5, 14)]","[(5, 6), (5, 25)]",False,没有语法错误,False,"sm_right, o1mini_right",annotation_tc_smallmodel_removerepeate_322_wlj_final.json,correct_data_tc_smallmodel.json
tc_smallmodel_llmj_valid,tc,1,0,0,matched,1,168,[8896],So I mean any income that y-,mean,3,ARG1,element containing meaning,"[(3, 6)]",[],False,有语法错误,False,"sm_right, o1mini_right",annotation_tc_smallmodel_removerepeate_322_wlj_final.json,correct_data_tc_smallmodel.json
tc_smallmodel_llmj_valid,tc,1,1,1,matched,1,169,[5560],So he found this new job as a financial consultant and seems to be happy with that .,seems,12,ARG1,thing seeming,"[(1, 1)]","[(1, 1), (12, 16)]",True,没有语法错误,False,"sm_right, o1mini_right",annotation_tc_smallmodel_removerepeate_322_wlj_final.json,correct_data_tc_smallmodel.json
tc_smallmodel_llmj_valid,tc,1,1,1,matched,1,170,[5552],So he found this new job as a financial consultant and seems to be happy with that .,found,3,ARG1,thing found,"[(3, 9)]","[(3, 5), (3, 9)]",True,没有语法错误,False,"sm_right, o1mini_right",annotation_tc_smallmodel_removerepeate_322_wlj_final.json,correct_data_tc_smallmodel.json
tc_smallmodel_llmj_valid,tc,1,0,0,matched,1,171,[7026],So if you want we can take a ride and go see stuff at night,go,11,ARG1,subsequent action,"[(11, 14)]","[(11, 12)]",False,没有语法错误,False,"sm_right, o1mini_right",annotation_tc_smallmodel_removerepeate_322_wlj_final.json,correct_data_tc_smallmodel.json
tc_smallmodel_llmj_valid,tc,1,1,1,matched,1,172,[7028],So if you want we can take a ride and go see stuff at night,go,11,ARG0,subject,"[(4, 4)]","[(4, 4)]",True,没有语法错误,False,"sm_right, o1mini_right",annotation_tc_smallmodel_removerepeate_322_wlj_final.json,correct_data_tc_smallmodel.json
tc_smallmodel_llmj_valid,tc,1,1,1,matched,1,173,[5284],"So it was a blessing , I guess .",guess,8,ARG1,guess,"[(0, 4)]","[(0, 4), (1, 4)]",True,没有语法错误,False,"sm_right, o1mini_right",annotation_tc_smallmodel_removerepeate_322_wlj_final.json,correct_data_tc_smallmodel.json
tc_smallmodel_llmj_valid,tc,1,0,0,matched,1,174,[3069],So uh-huh . I think %um tonight Charlie and I are going to go over and join up .,think,5,ARG1,Thought,"[(7, 17)]","[(6, 17)]",False,没有语法错误,False,"sm_right, o1mini_right",annotation_tc_smallmodel_removerepeate_322_wlj_final.json,correct_data_tc_smallmodel.json
tc_smallmodel_llmj_valid,tc,1,1,1,matched,1,175,[4646],So we 'll just see . You know,see,5,ARG0,viewer,"[(1, 1)]","[(1, 1)]",True,没有语法错误,False,"sm_right, o1mini_right",annotation_tc_smallmodel_removerepeate_322_wlj_final.json,correct_data_tc_smallmodel.json
tc_smallmodel_llmj_valid,tc,1,1,1,matched,1,176,[2512],"So yeah , that particular frequency according to most models damps out very quickly .",damps,11,ARG1,,"[(3, 5)]","[(3, 5)]",True,没有语法错误,False,"sm_right, o1mini_right",annotation_tc_smallmodel_removerepeate_322_wlj_final.json,correct_data_tc_smallmodel.json
tc_smallmodel_llmj_valid,tc,1,1,1,matched,1,177,[1453],So you do n't have it,have,5,ARG0,owner,"[(1, 1)]","[(1, 1)]",True,没有语法错误,False,"sm_right, o1mini_right",annotation_tc_smallmodel_removerepeate_322_wlj_final.json,correct_data_tc_smallmodel.json
tc_smallmodel_llmj_valid,tc,1,1,1,matched,1,178,[8011],So you guys should pick out the things you want to see and let me know .,see,12,ARG1,thing viewed,"[(6, 7)]","[(6, 7)]",True,没有语法错误,False,"sm_right, o1mini_right",annotation_tc_smallmodel_removerepeate_322_wlj_final.json,correct_data_tc_smallmodel.json
tc_smallmodel_llmj_valid,tc,1,1,1,matched,1,179,[3580],So you have no intentions of coming over this way any time soon ?,coming,7,ARG1,entity in motion / 'comer',"[(1, 1)]","[(1, 1)]",True,没有语法错误,False,"sm_right, o1mini_right",annotation_tc_smallmodel_removerepeate_322_wlj_final.json,correct_data_tc_smallmodel.json
tc_smallmodel_llmj_valid,tc,1,1,1,matched,2,180,"[3274, 3278]",Some amount that has to be deducted a certain amount,deducted,7,ARG1,thing being subtracted,"[(0, 1), (7, 9)]","[(0, 1)]",True,没有语法错误,False,"sm_right, o1mini_right",annotation_tc_smallmodel_removerepeate_322_wlj_final.json,correct_data_tc_smallmodel.json
tc_smallmodel_llmj_valid,tc,1,0,0,matched,1,181,[5383],Somehow it raises a small amount .,raises,3,ARG0,Agent,"[(1, 1)]",[],False,没有语法错误,False,"sm_right, o1mini_right",annotation_tc_smallmodel_removerepeate_322_wlj_final.json,correct_data_tc_smallmodel.json
tc_smallmodel_llmj_valid,tc,1,0,0,matched,1,182,[5384],Somehow it raises a small amount .,raises,3,ARG1,"Logical subject, patient, thing rising","[(3, 5)]","[(1, 1)]",False,没有语法错误,False,"sm_right, o1mini_right",annotation_tc_smallmodel_removerepeate_322_wlj_final.json,correct_data_tc_smallmodel.json
tc_smallmodel_llmj_valid,tc,1,1,1,matched,1,183,[3994],"Spending a lot of time hunting for bikes , and nah well . then getting one purchased , and then having to , you know , go get it and things like that .",get,28,ARG1,thing gotten,"[(28, 32)]","[(28, 28), (28, 32)]",True,没有语法错误,False,"sm_right, o1mini_right",annotation_tc_smallmodel_removerepeate_322_wlj_final.json,correct_data_tc_smallmodel.json
tc_smallmodel_llmj_valid,tc,1,1,1,matched,1,184,[5953],Spent about two weeks up there .,Spent,1,ARG1,unit of time,"[(1, 3)]","[(1, 3)]",True,没有语法错误,False,"sm_right, o1mini_right",annotation_tc_smallmodel_removerepeate_322_wlj_final.json,correct_data_tc_smallmodel.json
tc_smallmodel_llmj_valid,tc,1,0,0,matched,1,185,[7750],There 's a pretty good sale . %mm . So now we have to keep our eyes open for a champagne sale .,keep,15,ARG1,continued entity,"[(15, 17)]","[(15, 16)]",False,没有语法错误,False,"sm_right, o1mini_right",annotation_tc_smallmodel_removerepeate_322_wlj_final.json,correct_data_tc_smallmodel.json
tc_smallmodel_llmj_valid,tc,1,1,1,matched,1,186,[6187],"To -- -- you know the other thing , the reception .",know,5,ARG1,fact that is known,"[(5, 10)]","[(5, 10)]",True,没有语法错误,False,"sm_right, o1mini_right",annotation_tc_smallmodel_removerepeate_322_wlj_final.json,correct_data_tc_smallmodel.json
tc_smallmodel_llmj_valid,tc,1,1,1,matched,1,187,[3932],Told her that she could n't talk to Jasmine play with Jasmine because she said she hurt Jasmine 's Jetta you know,said,15,ARG0,Sayer,"[(13, 13)]","[(13, 13)]",True,没有语法错误,False,"sm_right, o1mini_right",annotation_tc_smallmodel_removerepeate_322_wlj_final.json,correct_data_tc_smallmodel.json
tc_smallmodel_llmj_valid,tc,1,1,1,matched,1,188,[3935],Told her that she could n't talk to Jasmine play with Jasmine because she said she hurt Jasmine 's Jetta you know,said,15,ARG1,Utterance,"[(15, 19)]","[(15, 19)]",True,没有语法错误,False,"sm_right, o1mini_right",annotation_tc_smallmodel_removerepeate_322_wlj_final.json,correct_data_tc_smallmodel.json
tc_smallmodel_llmj_valid,tc,1,1,1,matched,1,189,[3942],Told her that she could n't talk to Jasmine play with Jasmine because she said she hurt Jasmine 's Jetta you know,know,22,ARG1,fact that is known,"[(15, 19)]","[(15, 19)]",True,没有语法错误,False,"sm_right, o1mini_right",annotation_tc_smallmodel_removerepeate_322_wlj_final.json,correct_data_tc_smallmodel.json
tc_smallmodel_llmj_valid,tc,1,0,0,matched,1,190,[3246],Washington you do n't .,do,3,ARG0,,"[(1, 1)]",[],False,有语法错误,False,"sm_right, o1mini_right",annotation_tc_smallmodel_removerepeate_322_wlj_final.json,correct_data_tc_smallmodel.json
tc_smallmodel_llmj_valid,tc,1,1,1,matched,1,191,[525],"Well , %um actually I think this phone call 's just about to end cause it 's only half an hour ,",think,6,ARG1,Thought,"[(6, 13)]","[(6, 13)]",True,没有语法错误,False,"sm_right, o1mini_right",annotation_tc_smallmodel_removerepeate_322_wlj_final.json,correct_data_tc_smallmodel.json
tc_smallmodel_llmj_valid,tc,1,1,1,matched,1,192,[8355],"Well , I mean obviously since I work I ca n't get there until about six o'clock at night which is when everyone else gets there .",mean,4,ARG1,element containing meaning,"[(4, 25)]","[(4, 25)]",True,没有语法错误,False,"sm_right, o1mini_right",annotation_tc_smallmodel_removerepeate_322_wlj_final.json,correct_data_tc_smallmodel.json
tc_smallmodel_llmj_valid,tc,1,1,1,matched,1,193,[3889],Well I guess she did that because someone suggested that to her because you know the lillies the symbol of the virgin Mary .,know,15,ARG1,fact that is known,"[(15, 22)]","[(15, 22)]",True,没有语法错误,False,"sm_right, o1mini_right",annotation_tc_smallmodel_removerepeate_322_wlj_final.json,correct_data_tc_smallmodel.json
tc_smallmodel_llmj_valid,tc,1,0,0,matched,1,194,[3882],Well I guess she did that because someone suggested that to her because you know the lillies the symbol of the virgin Mary .,suggested,9,ARG3,,"[(10, 11)]",[],False,没有语法错误,False,"sm_right, o1mini_right",annotation_tc_smallmodel_removerepeate_322_wlj_final.json,correct_data_tc_smallmodel.json
tc_smallmodel_llmj_valid,tc,1,1,1,matched,1,195,[4659],Well I mean I 'm still American citizen,mean,3,ARG1,element containing meaning,"[(3, 7)]","[(3, 7)]",True,没有语法错误,False,"sm_right, o1mini_right",annotation_tc_smallmodel_removerepeate_322_wlj_final.json,correct_data_tc_smallmodel.json
tc_smallmodel_llmj_valid,tc,1,1,1,matched,1,196,[8780],Well I mean he does work his ass off,mean,3,ARG1,element containing meaning,"[(3, 8)]","[(3, 8)]",True,没有语法错误,False,"sm_right, o1mini_right",annotation_tc_smallmodel_removerepeate_322_wlj_final.json,correct_data_tc_smallmodel.json
tc_smallmodel_llmj_valid,tc,1,1,1,matched,1,197,[7243],Well I said I would not feel comfortable going .,said,3,ARG1,Utterance,"[(3, 8)]","[(3, 8)]",True,没有语法错误,False,"sm_right, o1mini_right",annotation_tc_smallmodel_removerepeate_322_wlj_final.json,correct_data_tc_smallmodel.json
tc_smallmodel_llmj_valid,tc,1,0,0,matched,1,198,[7255],Well I said I would not feel comfortable going .,feel,7,ARG1,emotion or sensation,"[(7, 8)]","[(7, 7)]",False,没有语法错误,False,"sm_right, o1mini_right",annotation_tc_smallmodel_removerepeate_322_wlj_final.json,correct_data_tc_smallmodel.json
tc_smallmodel_llmj_valid,tc,1,1,1,matched,1,199,[1884],"Well I would say is once you 're at a hotel uh-huh %um , why do n't you call me at work and let me know where you are ,",say,4,ARG1,Utterance,"[(5, 28)]","[(5, 28)]",True,没有语法错误,False,"sm_right, o1mini_right",annotation_tc_smallmodel_removerepeate_322_wlj_final.json,correct_data_tc_smallmodel.json
tc_smallmodel_llmj_valid,tc,1,1,1,matched,1,200,[2547],"Well did she come home and say I saw her , I look like her or what ?",say,7,ARG1,Utterance,"[(7, 16)]","[(7, 16)]",True,没有语法错误,False,"sm_right, o1mini_right",annotation_tc_smallmodel_removerepeate_322_wlj_final.json,correct_data_tc_smallmodel.json
tc_smallmodel_llmj_valid,tc,1,1,1,matched,1,201,[4638],"Well he 's working for an American firm over here ,",working,4,ARG2,"employer, benefactive","[(4, 9)]","[(4, 7), (4, 9)]",True,没有语法错误,False,"sm_right, o1mini_right",annotation_tc_smallmodel_removerepeate_322_wlj_final.json,correct_data_tc_smallmodel.json
tc_smallmodel_llmj_valid,tc,1,1,1,matched,1,202,[1955],Well it 's hard to you know not eat when somebody else is eating .,know,7,ARG1,fact that is known,"[(7, 13)]","[(1, 4), (7, 13)]",True,没有语法错误,False,"sm_right, o1mini_right",annotation_tc_smallmodel_removerepeate_322_wlj_final.json,correct_data_tc_smallmodel.json
tc_smallmodel_llmj_valid,tc,1,0,0,matched,1,203,[7297],Well you know or luck making a way and making it at ease for you to,making,10,ARG2,,"[(11, 15)]",[],False,没有语法错误,False,"sm_right, o1mini_right",annotation_tc_smallmodel_removerepeate_322_wlj_final.json,correct_data_tc_smallmodel.json
tc_smallmodel_llmj_valid,tc,1,1,1,matched,1,204,[8405],"Which you know , given how far he 's gotten , you know , he got his degree at Tufts and all , I found that surprising that for the first time as an adult they 're diagnosing this . %um",know,3,ARG1,fact that is known,"[(0, 0)]","[(0, 0)]",True,没有语法错误,True,"sm_right, o1mini_right",annotation_tc_smallmodel_removerepeate_322_wlj_final.json,correct_data_tc_smallmodel.json
tc_smallmodel_llmj_valid,tc,1,0,0,matched,1,205,[8436],"Which you know , given how far he 's gotten , you know , he got his degree at Tufts and all , I found that surprising that for the first time as an adult they 're diagnosing this . %um",diagnosing,38,ARG1,patient,"[(38, 38)]","[(14, 14)]",False,没有语法错误,True,"sm_right, o1mini_right",annotation_tc_smallmodel_removerepeate_322_wlj_final.json,correct_data_tc_smallmodel.json
tc_smallmodel_llmj_valid,tc,1,1,1,matched,1,206,[8409],"Which you know , given how far he 's gotten , you know , he got his degree at Tufts and all , I found that surprising that for the first time as an adult they 're diagnosing this . %um",given,5,ARG1,thing given,"[(5, 9)]","[(5, 9)]",True,没有语法错误,False,"sm_right, o1mini_right",annotation_tc_smallmodel_removerepeate_322_wlj_final.json,correct_data_tc_smallmodel.json
tc_smallmodel_llmj_valid,tc,1,1,1,matched,1,207,[5032],Would you be interested in seeing Shape Headquarters again .,seeing,6,ARG0,viewer,"[(1, 1)]","[(1, 1)]",True,没有语法错误,False,"sm_right, o1mini_right",annotation_tc_smallmodel_removerepeate_322_wlj_final.json,correct_data_tc_smallmodel.json
tc_smallmodel_llmj_valid,tc,1,1,1,matched,1,208,[5033],Would you be interested in seeing Shape Headquarters again .,seeing,6,ARG1,thing viewed,"[(6, 7)]","[(6, 7)]",True,没有语法错误,False,"sm_right, o1mini_right",annotation_tc_smallmodel_removerepeate_322_wlj_final.json,correct_data_tc_smallmodel.json
tc_smallmodel_llmj_valid,tc,1,1,1,matched,2,209,"[2158, 3151]",Yes she did .,did,3,ARG0,,"[(1, 1), (1, 1)]","[(1, 1)]",True,没有语法错误,False,"sm_right, o1mini_right",annotation_tc_smallmodel_removerepeate_322_wlj_final.json,correct_data_tc_smallmodel.json
tc_smallmodel_llmj_valid,tc,1,1,1,matched,1,210,[8190],"You ca n't do that ,",do,4,ARG1,thing done,"[(4, 4)]","[(4, 4)]",True,没有语法错误,False,"sm_right, o1mini_right",annotation_tc_smallmodel_removerepeate_322_wlj_final.json,correct_data_tc_smallmodel.json
tc_smallmodel_llmj_valid,tc,1,0,0,matched,1,211,[3652],You can just call her Missus,call,4,ARG1,item being labelled,"[(5, 5)]","[(4, 4)]",False,没有语法错误,False,"sm_right, o1mini_right",annotation_tc_smallmodel_removerepeate_322_wlj_final.json,correct_data_tc_smallmodel.json
tc_smallmodel_llmj_valid,tc,1,0,0,matched,1,212,[2410],"You know , I mean , we 're d- , you know ,",mean,5,ARG1,element containing meaning,"[(6, 8)]",[],False,有语法错误,False,"sm_right, o1mini_right",annotation_tc_smallmodel_removerepeate_322_wlj_final.json,correct_data_tc_smallmodel.json
tc_smallmodel_llmj_valid,tc,1,1,1,matched,1,213,[5186],You know I said as far as I knew we were n't charging people .,know,2,ARG1,fact that is known,"[(2, 13)]","[(2, 13)]",True,没有语法错误,False,"sm_right, o1mini_right",annotation_tc_smallmodel_removerepeate_322_wlj_final.json,correct_data_tc_smallmodel.json
tc_smallmodel_llmj_valid,tc,1,1,1,matched,1,214,[5198],You know I said as far as I knew we were n't charging people .,knew,9,ARG1,fact that is known,"[(9, 13)]","[(9, 13)]",True,没有语法错误,False,"sm_right, o1mini_right",annotation_tc_smallmodel_removerepeate_322_wlj_final.json,correct_data_tc_smallmodel.json
tc_smallmodel_llmj_valid,tc,1,1,1,matched,1,215,[2448],You know I was talking to my friend Heather from Wisconsin the other day --,know,2,ARG1,fact that is known,"[(2, 13)]","[(2, 13)]",True,没有语法错误,True,"sm_right, o1mini_right",annotation_tc_smallmodel_removerepeate_322_wlj_final.json,correct_data_tc_smallmodel.json
tc_smallmodel_llmj_valid,tc,1,1,1,matched,1,216,[5536],You know Tufts yeah . sent her to Taiwa,know,2,ARG1,fact that is known,"[(2, 2)]","[(2, 2), (2, 8)]",True,没有语法错误,False,"sm_right, o1mini_right",annotation_tc_smallmodel_removerepeate_322_wlj_final.json,correct_data_tc_smallmodel.json
tc_smallmodel_llmj_valid,tc,1,0,0,matched,1,217,[5543],You know Tufts yeah . sent her to Taiwa,sent,6,ARG2,EXT,"[(7, 8)]",[],False,没有语法错误,False,"sm_right, o1mini_right",annotation_tc_smallmodel_removerepeate_322_wlj_final.json,correct_data_tc_smallmodel.json
tc_smallmodel_llmj_valid,tc,1,1,1,matched,1,218,[2217],"You know everybody 's kind of passed away , almost .",know,2,ARG1,fact that is known,"[(2, 9)]","[(2, 9)]",True,没有语法错误,False,"sm_right, o1mini_right",annotation_tc_smallmodel_removerepeate_322_wlj_final.json,correct_data_tc_smallmodel.json
tc_smallmodel_llmj_valid,tc,1,1,1,matched,1,219,[3270],You know it was a detached retina .,know,2,ARG1,fact that is known,"[(2, 6)]","[(2, 6)]",True,没有语法错误,False,"sm_right, o1mini_right",annotation_tc_smallmodel_removerepeate_322_wlj_final.json,correct_data_tc_smallmodel.json
tc_smallmodel_llmj_valid,tc,1,1,1,matched,1,220,[3113],You know she would 've seen it all .,know,2,ARG1,fact that is known,"[(2, 7)]","[(2, 7)]",True,没有语法错误,False,"sm_right, o1mini_right",annotation_tc_smallmodel_removerepeate_322_wlj_final.json,correct_data_tc_smallmodel.json
tc_smallmodel_llmj_valid,tc,1,1,1,matched,1,221,[8583],You know that has always been very scary to me even after .,know,2,ARG1,fact that is known,"[(2, 11)]","[(2, 11)]",True,没有语法错误,False,"sm_right, o1mini_right",annotation_tc_smallmodel_removerepeate_322_wlj_final.json,correct_data_tc_smallmodel.json
tc_smallmodel_llmj_valid,tc,1,1,1,matched,1,222,[6316],You never even get a chance to see them again .,see,8,ARG0,viewer,"[(0, 0)]","[(0, 0)]",True,没有语法错误,False,"sm_right, o1mini_right",annotation_tc_smallmodel_removerepeate_322_wlj_final.json,correct_data_tc_smallmodel.json
tc_smallmodel_llmj_valid,tc,1,0,0,matched,1,223,[560],"You see the one very annoying thing about all of this , was my advisor has been in France for a year and a half .",see,2,ARG1,,"[(2, 10)]","[(2, 24)]",False,没有语法错误,True,"sm_right, o1mini_right",annotation_tc_smallmodel_removerepeate_322_wlj_final.json,correct_data_tc_smallmodel.json
tc_smallmodel_llmj_valid,tc,1,0,0,matched,1,224,[1801],"actually it turns out that one thing , one little bit in what I was doing , %uh , is going to turn out to be very important in the end . %uh , from what I had been reading in the literature .",turn,23,ARG2,,"[(26, 27)]","[(24, 30)]",False,没有语法错误,False,"sm_right, o1mini_right",annotation_tc_smallmodel_removerepeate_322_wlj_final.json,correct_data_tc_smallmodel.json
tc_smallmodel_llmj_valid,tc,1,1,1,matched,1,225,[1789],"actually it turns out that one thing , one little bit in what I was doing , %uh , is going to turn out to be very important in the end . %uh , from what I had been reading in the literature .",turns,3,ARG1,,"[(4, 30)]","[(4, 30)]",True,没有语法错误,False,"sm_right, o1mini_right",annotation_tc_smallmodel_removerepeate_322_wlj_final.json,correct_data_tc_smallmodel.json
tc_smallmodel_llmj_valid,tc,1,1,1,matched,1,226,[7304],and %mm . that cost me a lot of time .,cost,5,ARG1,commodity,"[(3, 3)]","[(3, 3)]",True,没有语法错误,False,"sm_right, o1mini_right",annotation_tc_smallmodel_removerepeate_322_wlj_final.json,correct_data_tc_smallmodel.json
tc_smallmodel_llmj_valid,tc,1,1,1,matched,2,227,"[2684, 2686]",and %um You know ages ago I got a card from Liz Gana .,know,4,ARG1,fact that is known,"[(6, 12), (4, 12)]","[(4, 12)]",True,没有语法错误,False,"sm_right, o1mini_right",annotation_tc_smallmodel_removerepeate_322_wlj_final.json,correct_data_tc_smallmodel.json
tc_smallmodel_llmj_valid,tc,1,1,1,matched,1,228,[8268],and Francis was very concerned in reference to you know she was in school and things,know,10,ARG1,fact that is known,"[(10, 13)]","[(10, 13)]",True,没有语法错误,False,"sm_right, o1mini_right",annotation_tc_smallmodel_removerepeate_322_wlj_final.json,correct_data_tc_smallmodel.json
tc_smallmodel_llmj_valid,tc,1,1,1,matched,1,229,[6482],"and I 've said that yeah I will give a urine sample or a blood sample if they call me back for those , but they 're going to have to pay my trip back to the states . because there 's no bases in Holland and I 'm not going to pay out of my own expenses to go to Germany or something for them .",call,19,ARG0,caller,"[(17, 17)]","[(17, 17)]",True,没有语法错误,False,"sm_right, o1mini_right",annotation_tc_smallmodel_removerepeate_322_wlj_final.json,correct_data_tc_smallmodel.json
tc_smallmodel_llmj_valid,tc,1,0,0,matched,1,230,[6493],"and I 've said that yeah I will give a urine sample or a blood sample if they call me back for those , but they 're going to have to pay my trip back to the states . because there 's no bases in Holland and I 'm not going to pay out of my own expenses to go to Germany or something for them .",pay,32,ARG1,money or attention,"[(32, 37)]",[],False,没有语法错误,False,"sm_right, o1mini_right",annotation_tc_smallmodel_removerepeate_322_wlj_final.json,correct_data_tc_smallmodel.json
tc_smallmodel_llmj_valid,tc,1,1,1,matched,1,231,[6507],"and I 've said that yeah I will give a urine sample or a blood sample if they call me back for those , but they 're going to have to pay my trip back to the states . because there 's no bases in Holland and I 'm not going to pay out of my own expenses to go to Germany or something for them .",pay,53,ARG3,"commodity, paid for what","[(58, 65)]","[(58, 65)]",True,没有语法错误,False,"sm_right, o1mini_right",annotation_tc_smallmodel_removerepeate_322_wlj_final.json,correct_data_tc_smallmodel.json
tc_smallmodel_llmj_valid,tc,1,1,1,matched,1,232,[8561],"and I just believe it 's you know time , you know",know,8,ARG1,fact that is known,"[(8, 8)]","[(8, 8)]",True,没有语法错误,True,"sm_right, o1mini_right",annotation_tc_smallmodel_removerepeate_322_wlj_final.json,correct_data_tc_smallmodel.json
tc_smallmodel_llmj_valid,tc,1,1,1,matched,1,233,[2000],and I think they would then feel guilty for not inviting me .,inviting,11,ARG0,inviter,"[(3, 3)]","[(3, 3)]",True,没有语法错误,False,"sm_right, o1mini_right",annotation_tc_smallmodel_removerepeate_322_wlj_final.json,correct_data_tc_smallmodel.json
tc_smallmodel_llmj_valid,tc,1,1,1,matched,1,234,[1984],and I think they would then feel guilty for not inviting me .,feel,7,ARG1,emotion or sensation,"[(7, 7)]","[(7, 7)]",True,没有语法错误,False,"sm_right, o1mini_right",annotation_tc_smallmodel_removerepeate_322_wlj_final.json,correct_data_tc_smallmodel.json
tc_smallmodel_llmj_valid,tc,1,1,1,matched,1,235,[9120],and all I had to do was get on it and follow it .,follow,12,ARG0,"acceptor, pursuer","[(2, 2)]","[(2, 2)]",True,没有语法错误,False,"sm_right, o1mini_right",annotation_tc_smallmodel_removerepeate_322_wlj_final.json,correct_data_tc_smallmodel.json
tc_smallmodel_llmj_valid,tc,1,1,1,matched,1,236,[9107],and all I had to do was get on it and follow it .,do,6,ARG1,thing done,"[(1, 1)]","[(1, 1)]",True,没有语法错误,True,"sm_right, o1mini_right",annotation_tc_smallmodel_removerepeate_322_wlj_final.json,correct_data_tc_smallmodel.json
tc_smallmodel_llmj_valid,tc,1,1,1,matched,1,237,[9114],and all I had to do was get on it and follow it .,get,8,ARG1,thing in motion,"[(2, 2)]","[(2, 2)]",True,没有语法错误,False,"sm_right, o1mini_right",annotation_tc_smallmodel_removerepeate_322_wlj_final.json,correct_data_tc_smallmodel.json
tc_smallmodel_llmj_valid,tc,1,1,1,matched,1,238,[2797],and also lifting weights at Bally 's means you 're standing on line for as much time as you 're actually lifting .,standing,11,ARG1,thing standing,"[(8, 8)]","[(8, 8)]",True,没有语法错误,False,"sm_right, o1mini_right",annotation_tc_smallmodel_removerepeate_322_wlj_final.json,correct_data_tc_smallmodel.json
tc_smallmodel_llmj_valid,tc,1,1,1,matched,1,239,[44],and he was diagnosed as having attention deficit disorder .,having,6,ARG0,owner,"[(1, 1)]","[(1, 1)]",True,没有语法错误,False,"sm_right, o1mini_right",annotation_tc_smallmodel_removerepeate_322_wlj_final.json,correct_data_tc_smallmodel.json
tc_smallmodel_llmj_valid,tc,1,1,1,matched,1,240,[1943],and is she seem like she 's together enough ?,is,2,ARG2,,"[(3, 8)]","[(3, 8)]",True,没有语法错误,True,"sm_right, o1mini_right",annotation_tc_smallmodel_removerepeate_322_wlj_final.json,correct_data_tc_smallmodel.json
tc_smallmodel_llmj_valid,tc,1,1,1,matched,1,241,[1948],and is she seem like she 's together enough ?,seem,4,ARG1,thing seeming,"[(4, 8)]","[(2, 2), (4, 8)]",True,没有语法错误,False,"sm_right, o1mini_right",annotation_tc_smallmodel_removerepeate_322_wlj_final.json,correct_data_tc_smallmodel.json
tc_smallmodel_llmj_valid,tc,1,1,1,matched,1,242,[4684],"and it 'll look good on me , you know like fit me , Sure . which is necessary at the moment because I 'm plump",look,4,ARG1,thing looked at or for or on,"[(5, 6)]","[(5, 6)]",True,没有语法错误,False,"sm_right, o1mini_right",annotation_tc_smallmodel_removerepeate_322_wlj_final.json,correct_data_tc_smallmodel.json
tc_smallmodel_llmj_valid,tc,1,0,0,matched,1,243,[3308],and mhm %um you know . It feels like maybe she made a compromise,feels,8,ARG1,stimulus,"[(8, 13)]",[],False,没有语法错误,False,"sm_right, o1mini_right",annotation_tc_smallmodel_removerepeate_322_wlj_final.json,correct_data_tc_smallmodel.json
tc_smallmodel_llmj_valid,tc,1,1,1,matched,1,244,[8127],and mom and dad were like well you know a wedding that 's a mass is open to everyone .,know,9,ARG1,fact that is known,"[(9, 18)]","[(9, 18)]",True,没有语法错误,True,"sm_right, o1mini_right",annotation_tc_smallmodel_removerepeate_322_wlj_final.json,correct_data_tc_smallmodel.json
tc_smallmodel_llmj_valid,tc,1,1,1,matched,1,245,[640],and she said that if it was n't for Jetta you know Jasmine 's daddy would n't be,know,12,ARG1,fact that is known,"[(12, 17)]","[(12, 17)]",True,没有语法错误,False,"sm_right, o1mini_right",annotation_tc_smallmodel_removerepeate_322_wlj_final.json,correct_data_tc_smallmodel.json
tc_smallmodel_llmj_valid,tc,1,0,0,matched,1,246,[1069],"and then she came over here , and %um , checked out a room here .",checked,11,ARG1,,"[(12, 14)]","[(12, 13)]",False,没有语法错误,False,"sm_right, o1mini_right",annotation_tc_smallmodel_removerepeate_322_wlj_final.json,correct_data_tc_smallmodel.json
tc_smallmodel_llmj_valid,tc,1,0,0,matched,1,247,[1060],"and then she came over here , and %um , checked out a room here .",came,4,ARG4,end point,"[(5, 5)]","[(4, 5)]",False,没有语法错误,False,"sm_right, o1mini_right",annotation_tc_smallmodel_removerepeate_322_wlj_final.json,correct_data_tc_smallmodel.json
tc_smallmodel_llmj_valid,tc,1,1,1,matched,1,248,[1190],and they 'll probably hold them hostage .,hold,5,ARG2,,"[(6, 6)]","[(6, 6)]",True,没有语法错误,False,"sm_right, o1mini_right",annotation_tc_smallmodel_removerepeate_322_wlj_final.json,correct_data_tc_smallmodel.json
tc_smallmodel_llmj_valid,tc,1,1,1,matched,1,249,[17],and they do a Punktion . Ich weiss nicht wer .,do,3,ARG0,"agent, doer","[(1, 1)]","[(1, 1)]",True,没有语法错误,False,"sm_right, o1mini_right",annotation_tc_smallmodel_removerepeate_322_wlj_final.json,correct_data_tc_smallmodel.json
tc_smallmodel_llmj_valid,tc,1,0,0,matched,1,250,[6717],and we 're going to go see her next Thursday and talk about her making my wedding dress .,go,6,ARG4,,"[(6, 7)]",[],False,没有语法错误,False,"sm_right, o1mini_right",annotation_tc_smallmodel_removerepeate_322_wlj_final.json,correct_data_tc_smallmodel.json
tc_smallmodel_llmj_valid,tc,1,1,1,matched,1,251,[1252],and we 've been doing okay .,doing,5,ARG0,"agent, doer","[(1, 1)]","[(1, 1)]",True,没有语法错误,False,"sm_right, o1mini_right",annotation_tc_smallmodel_removerepeate_322_wlj_final.json,correct_data_tc_smallmodel.json
tc_smallmodel_llmj_valid,tc,1,1,1,matched,1,252,[5603],"and we can like do a quick dinner or something yeah and go see whatever you want to see ,",do,5,ARG0,"agent, doer","[(1, 1)]","[(1, 1)]",True,没有语法错误,False,"sm_right, o1mini_right",annotation_tc_smallmodel_removerepeate_322_wlj_final.json,correct_data_tc_smallmodel.json
tc_smallmodel_llmj_valid,tc,1,1,1,matched,1,253,[9057],"and we had a big trip up there and did a lot of walking , a lot of fast walking and stuff .",had,3,ARG1,possession,"[(3, 7)]","[(3, 5), (3, 7)]",True,没有语法错误,False,"sm_right, o1mini_right",annotation_tc_smallmodel_removerepeate_322_wlj_final.json,correct_data_tc_smallmodel.json
tc_smallmodel_llmj_valid,tc,1,1,1,matched,1,254,[7618],"and yeah . %uh , it 's the fact that I would be writing a letter that is the impressive part of it all .",writing,14,ARG1,thing written,"[(14, 23)]","[(14, 15), (14, 23)]",True,没有语法错误,False,"sm_right, o1mini_right",annotation_tc_smallmodel_removerepeate_322_wlj_final.json,correct_data_tc_smallmodel.json
tc_smallmodel_llmj_valid,tc,1,1,1,matched,1,255,[2859],and you tell her .,tell,3,ARG2,Hearer,"[(3, 3)]","[(3, 3)]",True,没有语法错误,False,"sm_right, o1mini_right",annotation_tc_smallmodel_removerepeate_322_wlj_final.json,correct_data_tc_smallmodel.json
tc_smallmodel_llmj_valid,tc,1,1,1,matched,1,256,[4380],as soon as you get into Holland and get yourself settled you can call me,get,9,ARG0,,"[(3, 3)]","[(3, 3)]",True,没有语法错误,False,"sm_right, o1mini_right",annotation_tc_smallmodel_removerepeate_322_wlj_final.json,correct_data_tc_smallmodel.json
tc_smallmodel_llmj_valid,tc,1,1,1,matched,1,257,[3395],because I knew what she would do if I took her somewhere you know what she would say,know,14,ARG1,fact that is known,"[(14, 17)]","[(14, 17)]",True,没有语法错误,True,"sm_right, o1mini_right",annotation_tc_smallmodel_removerepeate_322_wlj_final.json,correct_data_tc_smallmodel.json
tc_smallmodel_llmj_valid,tc,1,1,1,matched,1,258,[3365],because I knew what she would do if I took her somewhere you know what she would say,knew,3,ARG1,fact that is known,"[(3, 11)]","[(3, 11)]",True,没有语法错误,False,"sm_right, o1mini_right",annotation_tc_smallmodel_removerepeate_322_wlj_final.json,correct_data_tc_smallmodel.json
tc_smallmodel_llmj_valid,tc,1,1,1,matched,1,259,[5874],bring me back active duty and pay me for the day if they 're going to drag me off somewhere .,bring,1,ARG3,"attribute, state after bringing, secondary action","[(3, 4)]","[(2, 4), (3, 4)]",True,没有语法错误,False,"sm_right, o1mini_right",annotation_tc_smallmodel_removerepeate_322_wlj_final.json,correct_data_tc_smallmodel.json
tc_smallmodel_llmj_valid,tc,1,1,1,matched,1,260,[5899],bring me back active duty and pay me for the day if they 're going to drag me off somewhere .,drag,17,ARG2,direction,"[(19, 19)]","[(18, 19), (19, 19)]",True,没有语法错误,False,"sm_right, o1mini_right",annotation_tc_smallmodel_removerepeate_322_wlj_final.json,correct_data_tc_smallmodel.json
tc_smallmodel_llmj_valid,tc,1,1,1,matched,1,261,[4249],but I 'm planning on making a trip down to visit her .,visit,11,ARG0,visitor,"[(1, 1)]","[(1, 1)]",True,没有语法错误,False,"sm_right, o1mini_right",annotation_tc_smallmodel_removerepeate_322_wlj_final.json,correct_data_tc_smallmodel.json
tc_smallmodel_llmj_valid,tc,1,1,1,matched,1,262,[4242],but I 'm planning on making a trip down to visit her .,making,6,ARG0,"achiever, agent","[(1, 1)]","[(1, 1)]",True,没有语法错误,False,"sm_right, o1mini_right",annotation_tc_smallmodel_removerepeate_322_wlj_final.json,correct_data_tc_smallmodel.json
tc_smallmodel_llmj_valid,tc,1,0,0,matched,1,263,[7182],"but I think he 's at a point now where he 's reserved us of that %um , you know that she may end up going %um to %uh t-",reserved,13,ARG1,thing reserved,"[(14, 15)]","[(14, 29)]",False,没有语法错误,True,"sm_right, o1mini_right",annotation_tc_smallmodel_removerepeate_322_wlj_final.json,correct_data_tc_smallmodel.json
tc_smallmodel_llmj_valid,tc,1,1,1,matched,2,264,"[7192, 7194]","but I think he 's at a point now where he 's reserved us of that %um , you know that she may end up going %um to %uh t-",know,20,ARG1,fact that is known,"[(20, 28), (20, 29)]","[(20, 28), (20, 29)]",True,没有语法错误,False,"sm_right, o1mini_right",annotation_tc_smallmodel_removerepeate_322_wlj_final.json,correct_data_tc_smallmodel.json
tc_smallmodel_llmj_valid,tc,1,1,1,matched,1,265,[6671],but I would not feel comfortable going .,feel,5,ARG0,"feeler, person experiencing emotion","[(1, 1)]","[(1, 1)]",True,没有语法错误,False,"sm_right, o1mini_right",annotation_tc_smallmodel_removerepeate_322_wlj_final.json,correct_data_tc_smallmodel.json
tc_smallmodel_llmj_valid,tc,1,0,0,matched,1,266,[6674],but I would not feel comfortable going .,feel,5,ARG1,emotion or sensation,"[(5, 6)]","[(5, 5)]",False,没有语法错误,False,"sm_right, o1mini_right",annotation_tc_smallmodel_removerepeate_322_wlj_final.json,correct_data_tc_smallmodel.json
tc_smallmodel_llmj_valid,tc,1,1,1,matched,1,267,[9071],but dad does n't want black he said .,said,8,ARG1,Utterance,"[(0, 5)]","[(0, 5)]",True,没有语法错误,False,"sm_right, o1mini_right",annotation_tc_smallmodel_removerepeate_322_wlj_final.json,correct_data_tc_smallmodel.json
tc_smallmodel_llmj_valid,tc,1,1,1,matched,1,268,[8624],but she 's working very hard .,working,4,ARG0,worker,"[(1, 1)]","[(1, 1)]",True,没有语法错误,False,"sm_right, o1mini_right",annotation_tc_smallmodel_removerepeate_322_wlj_final.json,correct_data_tc_smallmodel.json
tc_smallmodel_llmj_valid,tc,1,1,1,matched,1,269,[9127],but she was very concerned about me and everything %um because %um the child had told some lies about me and about you .,told,16,ARG1,Utterance,"[(16, 22)]","[(16, 22)]",True,没有语法错误,False,"sm_right, o1mini_right",annotation_tc_smallmodel_removerepeate_322_wlj_final.json,correct_data_tc_smallmodel.json
tc_smallmodel_llmj_valid,tc,1,1,1,matched,1,270,[574],but that 's what he said .,said,6,ARG1,Utterance,"[(3, 3)]","[(1, 1), (3, 3)]",True,没有语法错误,False,"sm_right, o1mini_right",annotation_tc_smallmodel_removerepeate_322_wlj_final.json,correct_data_tc_smallmodel.json
tc_smallmodel_llmj_valid,tc,1,0,0,matched,1,271,[6362],"but yeah if you just separate normally and you have n't served at least eight years , then you owe it .",separate,6,ARG0,entity causing separation,"[(3, 3)]",[],False,没有语法错误,False,"sm_right, o1mini_right",annotation_tc_smallmodel_removerepeate_322_wlj_final.json,correct_data_tc_smallmodel.json
tc_smallmodel_llmj_valid,tc,1,1,1,matched,1,272,[3242],but you know it 's not going to be a fun tax return year .,know,3,ARG1,fact that is known,"[(3, 13)]","[(3, 13)]",True,没有语法错误,False,"sm_right, o1mini_right",annotation_tc_smallmodel_removerepeate_322_wlj_final.json,correct_data_tc_smallmodel.json
tc_smallmodel_llmj_valid,tc,1,1,1,matched,1,273,[2030],but you know you 've heard the saying I 'm sure from your grandmother,know,3,ARG1,fact that is known,"[(3, 13)]","[(3, 13)]",True,没有语法错误,False,"sm_right, o1mini_right",annotation_tc_smallmodel_removerepeate_322_wlj_final.json,correct_data_tc_smallmodel.json
tc_smallmodel_llmj_valid,tc,1,0,0,matched,1,274,[2032],but you know you 've heard the saying I 'm sure from your grandmother,heard,6,ARG1,"utterance, sound","[(6, 13)]","[(6, 7)]",False,没有语法错误,False,"sm_right, o1mini_right",annotation_tc_smallmodel_removerepeate_322_wlj_final.json,correct_data_tc_smallmodel.json
tc_smallmodel_llmj_valid,tc,1,1,1,matched,1,275,[7565],did they do like %uh the same thing they had to do last time ?,do,12,ARG1,thing done,"[(5, 7)]","[(5, 7)]",True,没有语法错误,False,"sm_right, o1mini_right",annotation_tc_smallmodel_removerepeate_322_wlj_final.json,correct_data_tc_smallmodel.json
tc_smallmodel_llmj_valid,tc,1,0,0,matched,1,276,[7560],did they do like %uh the same thing they had to do last time ?,do,3,ARG0,"agent, doer","[(8, 8)]","[(1, 1)]",False,没有语法错误,False,"sm_right, o1mini_right",annotation_tc_smallmodel_removerepeate_322_wlj_final.json,correct_data_tc_smallmodel.json
tc_smallmodel_llmj_valid,tc,1,0,0,matched,1,277,[7562],did they do like %uh the same thing they had to do last time ?,do,3,ARG1,thing done,"[(3, 13)]","[(5, 7), (5, 13)]",False,没有语法错误,False,"sm_right, o1mini_right",annotation_tc_smallmodel_removerepeate_322_wlj_final.json,correct_data_tc_smallmodel.json
tc_smallmodel_llmj_valid,tc,1,1,1,matched,1,278,[6549],he 's got Leo 's genes .,got,3,ARG0,"haver, possessor","[(0, 0)]","[(0, 0)]",True,没有语法错误,False,"sm_right, o1mini_right",annotation_tc_smallmodel_removerepeate_322_wlj_final.json,correct_data_tc_smallmodel.json
tc_smallmodel_llmj_valid,tc,1,1,1,matched,1,279,[2234],he seems to feel really like he 's doing the right thing,seems,2,ARG1,thing seeming,"[(0, 0)]","[(0, 0), (2, 11)]",True,没有语法错误,False,"sm_right, o1mini_right",annotation_tc_smallmodel_removerepeate_322_wlj_final.json,correct_data_tc_smallmodel.json
tc_smallmodel_llmj_valid,tc,1,1,1,matched,1,280,[6990],"if this does happen and I do believe it may happen , %um you know we will have an agreement , she and I , you know ,",know,15,ARG1,fact that is known,"[(15, 19)]","[(15, 19), (15, 23)]",True,没有语法错误,False,"sm_right, o1mini_right",annotation_tc_smallmodel_removerepeate_322_wlj_final.json,correct_data_tc_smallmodel.json
tc_smallmodel_llmj_valid,tc,1,1,1,matched,1,281,[6975],"if this does happen and I do believe it may happen , %um you know we will have an agreement , she and I , you know ,",believe,8,ARG1,believed,"[(8, 10)]","[(8, 10)]",True,没有语法错误,False,"sm_right, o1mini_right",annotation_tc_smallmodel_removerepeate_322_wlj_final.json,correct_data_tc_smallmodel.json
tc_smallmodel_llmj_valid,tc,1,1,1,matched,1,282,[2647],if you 're in another country I mean and you 're not planning on coming back to the U S what are they going to do even if you do n't .,coming,15,ARG4,end point,"[(16, 19)]","[(15, 19), (16, 19)]",True,没有语法错误,False,"sm_right, o1mini_right",annotation_tc_smallmodel_removerepeate_322_wlj_final.json,correct_data_tc_smallmodel.json
tc_smallmodel_llmj_valid,tc,1,1,1,matched,1,283,[2648],if you 're in another country I mean and you 're not planning on coming back to the U S what are they going to do even if you do n't .,coming,15,ARG1,entity in motion / 'comer',"[(9, 9)]","[(9, 9)]",True,没有语法错误,False,"sm_right, o1mini_right",annotation_tc_smallmodel_removerepeate_322_wlj_final.json,correct_data_tc_smallmodel.json
tc_smallmodel_llmj_valid,tc,1,1,1,matched,1,284,[2663],if you 're in another country I mean and you 're not planning on coming back to the U S what are they going to do even if you do n't .,do,30,ARG0,,"[(28, 28)]","[(28, 28)]",True,没有语法错误,True,"sm_right, o1mini_right",annotation_tc_smallmodel_removerepeate_322_wlj_final.json,correct_data_tc_smallmodel.json
tc_smallmodel_llmj_valid,tc,1,1,1,matched,1,285,[2629],if you 're in another country I mean and you 're not planning on coming back to the U S what are they going to do even if you do n't .,mean,8,ARG1,element containing meaning,"[(8, 30)]","[(0, 6), (8, 30)]",True,没有语法错误,False,"sm_right, o1mini_right",annotation_tc_smallmodel_removerepeate_322_wlj_final.json,correct_data_tc_smallmodel.json
tc_smallmodel_llmj_valid,tc,1,1,1,matched,2,286,"[8036, 8038]","it is as my husband says %uh , %uh al kadir the destiny .",says,6,ARG1,Utterance,"[(6, 12), (11, 12)]","[(6, 12), (9, 12)]",True,没有语法错误,False,"sm_right, o1mini_right",annotation_tc_smallmodel_removerepeate_322_wlj_final.json,correct_data_tc_smallmodel.json
tc_smallmodel_llmj_valid,tc,1,0,0,matched,1,287,[1480],just all of Lorraine 's friends . mhm . Who you know of course most of them mom and dad had at least met once before .,know,12,ARG1,fact that is known,"[(14, 25)]","[(9, 9)]",False,没有语法错误,False,"sm_right, o1mini_right",annotation_tc_smallmodel_removerepeate_322_wlj_final.json,correct_data_tc_smallmodel.json
tc_smallmodel_llmj_valid,tc,1,1,1,matched,1,288,[4841],"let 's see she bought ,",see,3,ARG1,,"[(3, 4)]","[(3, 4)]",True,没有语法错误,False,"sm_right, o1mini_right",annotation_tc_smallmodel_removerepeate_322_wlj_final.json,correct_data_tc_smallmodel.json
tc_smallmodel_llmj_valid,tc,1,1,1,matched,1,289,[8930],"like mom said she said even if it was going to be in September , she said the little things I can tolerate you know if that happens you know .",said,17,ARG1,Utterance,"[(17, 29)]","[(17, 29)]",True,没有语法错误,False,"sm_right, o1mini_right",annotation_tc_smallmodel_removerepeate_322_wlj_final.json,correct_data_tc_smallmodel.json
tc_smallmodel_llmj_valid,tc,1,0,0,matched,1,290,[8942],"like mom said she said even if it was going to be in September , she said the little things I can tolerate you know if that happens you know .",know,25,ARG0,knower,"[(28, 28)]","[(23, 23)]",False,没有语法错误,False,"sm_right, o1mini_right",annotation_tc_smallmodel_removerepeate_322_wlj_final.json,correct_data_tc_smallmodel.json
tc_smallmodel_llmj_valid,tc,1,1,1,matched,1,291,[8944],"like mom said she said even if it was going to be in September , she said the little things I can tolerate you know if that happens you know .",know,25,ARG1,fact that is known,"[(17, 22)]","[(17, 22)]",True,没有语法错误,True,"sm_right, o1mini_right",annotation_tc_smallmodel_removerepeate_322_wlj_final.json,correct_data_tc_smallmodel.json
tc_smallmodel_llmj_valid,tc,1,0,0,matched,1,292,[8914],"like mom said she said even if it was going to be in September , she said the little things I can tolerate you know if that happens you know .",said,3,ARG1,Utterance,"[(3, 13)]","[(3, 29), (5, 29)]",False,没有语法错误,False,"sm_right, o1mini_right",annotation_tc_smallmodel_removerepeate_322_wlj_final.json,correct_data_tc_smallmodel.json
tc_smallmodel_llmj_valid,tc,1,0,0,matched,1,293,[8920],"like mom said she said even if it was going to be in September , she said the little things I can tolerate you know if that happens you know .",said,5,ARG1,Utterance,"[(5, 13)]","[(5, 29)]",False,没有语法错误,False,"sm_right, o1mini_right",annotation_tc_smallmodel_removerepeate_322_wlj_final.json,correct_data_tc_smallmodel.json
tc_smallmodel_llmj_valid,tc,1,0,0,matched,1,294,[2420],"mom said , Barbara , Jasmine is just moving",said,2,ARG1,Utterance,"[(5, 8)]","[(3, 8)]",False,没有语法错误,False,"sm_right, o1mini_right",annotation_tc_smallmodel_removerepeate_322_wlj_final.json,correct_data_tc_smallmodel.json
tc_smallmodel_llmj_valid,tc,1,1,1,matched,1,295,[6658],oh I already told them all black,told,4,ARG2,Hearer,"[(4, 4)]","[(4, 4), (4, 5)]",True,没有语法错误,False,"sm_right, o1mini_right",annotation_tc_smallmodel_removerepeate_322_wlj_final.json,correct_data_tc_smallmodel.json
tc_smallmodel_llmj_valid,tc,1,1,1,matched,1,296,[6659],oh I already told them all black,told,4,ARG1,Utterance,"[(5, 6)]","[(5, 6)]",True,没有语法错误,False,"sm_right, o1mini_right",annotation_tc_smallmodel_removerepeate_322_wlj_final.json,correct_data_tc_smallmodel.json
tc_smallmodel_llmj_valid,tc,1,1,1,matched,1,297,[8225],oh do they ?,do,2,ARG0,,"[(2, 2)]","[(2, 2)]",True,没有语法错误,False,"sm_right, o1mini_right",annotation_tc_smallmodel_removerepeate_322_wlj_final.json,correct_data_tc_smallmodel.json
tc_smallmodel_llmj_valid,tc,1,1,1,matched,1,298,[4143],right now I mean I do want to keep my American citizenship,mean,4,ARG0,agent,"[(2, 2)]","[(2, 2)]",True,没有语法错误,False,"sm_right, o1mini_right",annotation_tc_smallmodel_removerepeate_322_wlj_final.json,correct_data_tc_smallmodel.json
tc_smallmodel_llmj_valid,tc,1,1,1,matched,1,299,[4144],right now I mean I do want to keep my American citizenship,mean,4,ARG1,element containing meaning,"[(4, 11)]","[(4, 11)]",True,没有语法错误,False,"sm_right, o1mini_right",annotation_tc_smallmodel_removerepeate_322_wlj_final.json,correct_data_tc_smallmodel.json
tc_smallmodel_llmj_valid,tc,1,1,1,matched,1,300,[4364],she 's moving out the way too quickly,moving,3,ARG1,moved,"[(0, 0)]","[(0, 0)]",True,没有语法错误,False,"sm_right, o1mini_right",annotation_tc_smallmodel_removerepeate_322_wlj_final.json,correct_data_tc_smallmodel.json
tc_smallmodel_llmj_valid,tc,1,1,1,matched,1,301,[3961],she called mom Monday And talked to mom for two hours,talked,6,ARG0,talker,"[(0, 0)]","[(0, 0)]",True,没有语法错误,False,"sm_right, o1mini_right",annotation_tc_smallmodel_removerepeate_322_wlj_final.json,correct_data_tc_smallmodel.json
tc_smallmodel_llmj_valid,tc,1,1,1,matched,1,302,[3778],"she did some %eh ,",did,2,ARG0,"agent, doer","[(0, 0)]","[(0, 0)]",True,没有语法错误,False,"sm_right, o1mini_right",annotation_tc_smallmodel_removerepeate_322_wlj_final.json,correct_data_tc_smallmodel.json
tc_smallmodel_llmj_valid,tc,1,1,1,matched,1,303,[3463],she said it is just awesome to her what is happening .,happening,11,ARG1,event,"[(8, 8)]","[(8, 8)]",True,没有语法错误,False,"sm_right, o1mini_right",annotation_tc_smallmodel_removerepeate_322_wlj_final.json,correct_data_tc_smallmodel.json
tc_smallmodel_llmj_valid,tc,1,1,1,matched,1,304,[8097],"she said she was so concerned that this little girl was going to just get out here cause I was n't going to send back to the school , the Muslim school .",get,15,ARG2,destination,"[(15, 16)]","[(15, 16), (16, 16)]",True,没有语法错误,False,"sm_right, o1mini_right",annotation_tc_smallmodel_removerepeate_322_wlj_final.json,correct_data_tc_smallmodel.json
tc_smallmodel_llmj_valid,tc,1,0,0,matched,1,305,[8112],"she said she was so concerned that this little girl was going to just get out here cause I was n't going to send back to the school , the Muslim school .",send,24,ARG2,EXT,"[(25, 31)]",[],False,没有语法错误,False,"sm_right, o1mini_right",annotation_tc_smallmodel_removerepeate_322_wlj_final.json,correct_data_tc_smallmodel.json
tc_smallmodel_llmj_valid,tc,1,1,1,matched,1,306,[6093],so if we get in the eighteenth or the nineteenth and then call you back %um when we get to a hotel or something like that .,get,19,ARG2,destination,"[(19, 25)]","[(19, 21), (19, 25)]",True,没有语法错误,False,"sm_right, o1mini_right",annotation_tc_smallmodel_removerepeate_322_wlj_final.json,correct_data_tc_smallmodel.json
tc_smallmodel_llmj_valid,tc,1,0,0,matched,1,307,[6096],so if we get in the eighteenth or the nineteenth and then call you back %um when we get to a hotel or something like that .,get,19,ARG4,,"[(19, 21)]",[],False,没有语法错误,False,"sm_right, o1mini_right",annotation_tc_smallmodel_removerepeate_322_wlj_final.json,correct_data_tc_smallmodel.json
tc_smallmodel_llmj_valid,tc,1,1,1,matched,1,308,[6336],so when they broke in the second time did they steal the %uh offboard amplifier ?,steal,11,ARG1,thing stolen,"[(11, 14)]","[(11, 14)]",True,没有语法错误,False,"sm_right, o1mini_right",annotation_tc_smallmodel_removerepeate_322_wlj_final.json,correct_data_tc_smallmodel.json
tc_smallmodel_llmj_valid,tc,1,1,1,matched,1,309,[4521],"so you 're pushing forward the bounds of theoretical laser , %uh , whatever it is science .",pushing,4,ARG0,"agent, cause, actor","[(1, 1)]","[(1, 1)]",True,没有语法错误,False,"sm_right, o1mini_right",annotation_tc_smallmodel_removerepeate_322_wlj_final.json,correct_data_tc_smallmodel.json
tc_smallmodel_llmj_valid,tc,1,1,1,matched,1,310,[7149],they do in the transients,do,2,ARG0,,"[(0, 0)]","[(0, 0)]",True,没有语法错误,False,"sm_right, o1mini_right",annotation_tc_smallmodel_removerepeate_322_wlj_final.json,correct_data_tc_smallmodel.json
tc_smallmodel_llmj_valid,tc,1,1,1,matched,1,311,[8152],"things have come to a point where I may have to relinquish my , %uh parenting .",relinquish,12,ARG0,resigner,"[(7, 7)]","[(7, 7)]",True,没有语法错误,False,"sm_right, o1mini_right",annotation_tc_smallmodel_removerepeate_322_wlj_final.json,correct_data_tc_smallmodel.json
tc_smallmodel_llmj_valid,tc,1,1,1,matched,1,312,[1129],this place is incredibly easy to break into if you want to .,break,7,ARG1,place/domain broken into,"[(0, 1)]","[(0, 1)]",True,没有语法错误,False,"sm_right, o1mini_right",annotation_tc_smallmodel_removerepeate_322_wlj_final.json,correct_data_tc_smallmodel.json
tc_smallmodel_llmj_valid,tc,1,0,0,matched,1,313,[2278],"well it seemed to make sense since I had a client to just kind of set up my own company , of sorts .",had,9,ARG1,possession,"[(9, 22)]","[(9, 10)]",False,没有语法错误,False,"sm_right, o1mini_right",annotation_tc_smallmodel_removerepeate_322_wlj_final.json,correct_data_tc_smallmodel.json
tc_smallmodel_llmj_valid,tc,1,1,1,matched,1,314,[7369],"which , %um , is kind of interesting considering that that 's not really my thing . . Indeed . Indeed . being an experimentalist , not a theorist .",considering,9,ARG1,belief,"[(9, 15)]","[(9, 15)]",True,没有语法错误,False,"sm_right, o1mini_right",annotation_tc_smallmodel_removerepeate_322_wlj_final.json,correct_data_tc_smallmodel.json
tc_smallmodel_llmj_valid,tc,1,1,1,matched,1,315,[5084],"yeah , Good . an older home that you know Julie is of course carving up and making beautiful . %um",know,10,ARG1,fact that is known,"[(10, 18)]","[(10, 18)]",True,没有语法错误,False,"sm_right, o1mini_right",annotation_tc_smallmodel_removerepeate_322_wlj_final.json,correct_data_tc_smallmodel.json
tc_smallmodel_llmj_valid,tc,1,0,0,matched,1,316,[9015],yet their experiments showed it as a driven frequency .,showed,4,ARG3,,"[(5, 8)]",[],False,没有语法错误,False,"sm_right, o1mini_right",annotation_tc_smallmodel_removerepeate_322_wlj_final.json,correct_data_tc_smallmodel.json
tc_smallmodel_llmj_valid,tc,1,1,1,matched,1,317,[2934],you know I 'll probably be there some time around six,know,2,ARG1,fact that is known,"[(2, 10)]","[(2, 10)]",True,没有语法错误,False,"sm_right, o1mini_right",annotation_tc_smallmodel_removerepeate_322_wlj_final.json,correct_data_tc_smallmodel.json
tc_smallmodel_llmj_valid,tc,1,1,1,matched,1,318,[2073],"you know even after you left I said , I just hope Arlita knows that you know I tried my best you know",hope,12,ARG1,thing hoped (for),"[(12, 20)]","[(12, 20)]",True,没有语法错误,False,"sm_right, o1mini_right",annotation_tc_smallmodel_removerepeate_322_wlj_final.json,correct_data_tc_smallmodel.json
tc_smallmodel_llmj_valid,tc,1,1,1,matched,1,319,[2085],"you know even after you left I said , I just hope Arlita knows that you know I tried my best you know",knows,14,ARG1,fact that is known,"[(14, 20)]","[(14, 20), (17, 20)]",True,没有语法错误,False,"sm_right, o1mini_right",annotation_tc_smallmodel_removerepeate_322_wlj_final.json,correct_data_tc_smallmodel.json
tc_smallmodel_llmj_valid,tc,1,1,1,matched,1,320,[2093],"you know even after you left I said , I just hope Arlita knows that you know I tried my best you know",know,17,ARG1,fact that is known,"[(17, 20)]","[(17, 20)]",True,没有语法错误,True,"sm_right, o1mini_right",annotation_tc_smallmodel_removerepeate_322_wlj_final.json,correct_data_tc_smallmodel.json
tc_smallmodel_llmj_valid,tc,1,1,1,matched,1,321,[2099],"you know even after you left I said , I just hope Arlita knows that you know I tried my best you know",tried,19,ARG1,thing tried,"[(19, 20)]","[(19, 20)]",True,没有语法错误,False,"sm_right, o1mini_right",annotation_tc_smallmodel_removerepeate_322_wlj_final.json,correct_data_tc_smallmodel.json
tc_smallmodel_llmj_valid,tc,1,0,0,matched,1,322,[980],you know that 's,know,2,ARG1,fact that is known,"[(2, 3)]",[],False,有语法错误,False,"sm_right, o1mini_right",annotation_tc_smallmodel_removerepeate_322_wlj_final.json,correct_data_tc_smallmodel.json
